_id,company_name,company_city,company_scale,company_business,company_introduce
ObjectId(5cc57fccded5f717ac6081b8),指舞科技,西安,15-50人,"社交网络,文化娱乐","西安指舞飞游网络科技有限公司（下文简称指舞科技）是西北更大的新媒体内容和互联网轻社交产品矩阵集团，专注于社交轻产品和轻内容创作及运营。旗下公众号，小程序，app多端合计用户超过一亿。

▷发展历程
2014年9月初创团队成立，致力于社交轻应用研发与运营；
2016年9月获得数百万天使轮融资，组建基于H5的轻游戏平台 - 248游戏；
2018年3月获得深圳量子云数千万人民币战略投资；

▷获得荣誉：
2015年公司旗下“微测试”获得陕西省“最佳微信公众号团队”称号；
2017年公司旗下“趣测”产品获得“小程序行业社交奖”，在全国百强小程序中排名TOP30；
2017，2018年公司旗下“248游戏”产品连续两年获得“年度最具影响力H5游戏运营企业”称号；
2018年获得西安市雏鹰企业称号；
2018年被认定为科技型中小企业；
2018年成为陕西动漫游戏行业协会理事单位；
2018年被评为陕西动漫游戏行业协会“优秀会员”；

▷旗下主要产品：
1. 公众号矩阵：超过10个粉丝规模百万级微信公众号，总粉丝超过2500万；
2. 小程序矩阵：超过20个用户规模百万级小程序，总用户量超过7000万；
3. 产品矩阵—【趣测】、【星座铺】 、【探me】 、【248游戏】，多端累计用户数超过一亿；
4. 新媒体矩阵：占星女王，情话铺等多个精品星座，情感类公众号；
5. 国内领先的女性H5轻游戏平台 - 248游戏，累计玩家超过2000万；

▷旗下主要业务：
1. 付费阅读，提供精品网络文学付费阅读服务；
2. 付费咨询，提供心理，命理，星座等付费咨询服务；
3. 电商，基于微信的精品社交电商业务；
4. H5游戏，基于HTML5的手机页游分发业务。"
ObjectId(5cc57fcdded5f717ac6081b9),西安超斯塔科技有限公司,西安,150-500人,"移动互联网,广告营销",西安超斯塔科技有限公司是全球领先的综合移动互联网广告服务商。公司为全球160多个国家和地区的移动互联网app客户提供创新技术与产品解决方案，让全世界用户享有连接世界的便捷。2018年3月30日龙域之星作为西安超斯塔科技的全资控股公司被吉宏股份（股票代码：002803）全资收购，我们将借助上市公司的资本，管理和创新力量做大做强。
ObjectId(5cc57fcfded5f717ac6081ba),新华保险,西安,2000人以上,金融,"新华人寿保险股份有限公司（以下简称“新华保险”或“公司”）成立于1996年9月，总部位于北京市，新华保险曲江支公司成立于20016年12月 是西安第十六家支公司，是一家全国性的大型寿险企业，目前拥有新华资产管理股份有限公司、新华家园养老服务（北京）有限公司、新华养老保险股份有限公司和新华卓越健康投资管理有限公司等子公司。2011年，新华保险在香港联合交易所和上海证券交易所同步上市，A股代码为601336，H股代码为01336。
2016年，本公司围绕“转型发展”和“自主经营”两大主题，确定了以续期拉动增长的转型发展路径，并以预算管理为抓手，引导机构增强自主经营能力。通过环环相扣的系列举措，有效提升了经营管理水平，激发了健康、持续、快速发展的动力。
2016年，公司实现保险业务收入人民币1125.6亿元，公司总资产规模达到6991.81亿元。
公司分别登上2017年“《财富》世界500强排行榜”第497位和2017年“《福布斯》全球上市公司2000强”第369位，连续两年蝉联双料世界500强。"
ObjectId(5cc57fcfded5f717ac6081bb),指舞科技,西安,15-50人,"社交网络,文化娱乐","西安指舞飞游网络科技有限公司（下文简称指舞科技）是西北更大的新媒体内容和互联网轻社交产品矩阵集团，专注于社交轻产品和轻内容创作及运营。旗下公众号，小程序，app多端合计用户超过一亿。

▷发展历程
2014年9月初创团队成立，致力于社交轻应用研发与运营；
2016年9月获得数百万天使轮融资，组建基于H5的轻游戏平台 - 248游戏；
2018年3月获得深圳量子云数千万人民币战略投资；

▷获得荣誉：
2015年公司旗下“微测试”获得陕西省“最佳微信公众号团队”称号；
2017年公司旗下“趣测”产品获得“小程序行业社交奖”，在全国百强小程序中排名TOP30；
2017，2018年公司旗下“248游戏”产品连续两年获得“年度最具影响力H5游戏运营企业”称号；
2018年获得西安市雏鹰企业称号；
2018年被认定为科技型中小企业；
2018年成为陕西动漫游戏行业协会理事单位；
2018年被评为陕西动漫游戏行业协会“优秀会员”；

▷旗下主要产品：
1. 公众号矩阵：超过10个粉丝规模百万级微信公众号，总粉丝超过2500万；
2. 小程序矩阵：超过20个用户规模百万级小程序，总用户量超过7000万；
3. 产品矩阵—【趣测】、【星座铺】 、【探me】 、【248游戏】，多端累计用户数超过一亿；
4. 新媒体矩阵：占星女王，情话铺等多个精品星座，情感类公众号；
5. 国内领先的女性H5轻游戏平台 - 248游戏，累计玩家超过2000万；

▷旗下主要业务：
1. 付费阅读，提供精品网络文学付费阅读服务；
2. 付费咨询，提供心理，命理，星座等付费咨询服务；
3. 电商，基于微信的精品社交电商业务；
4. H5游戏，基于HTML5的手机页游分发业务。"
ObjectId(5cc57fcf4884a0cfa814d521),思迈策略,西安,15-50人,"广告营销,文化娱乐","陕西思迈广告文化传播有限公司，（思迈策略）是一家致力于高端线下公关活动的公司。依托强大的策划力、执行力、整合力，三力合一，凭借经验丰富的专业的公共关系管理团队，结合多年实战经验,秉承一贯的专业精神和专业素养,快速成为本土行业领先者。

 我们合作过的客户有美国联合航空公司、韩国大使馆、应用材料、芬兰航空、空气化工、和记黄埔、凯迪拉克、易车网、英中贸易、英国大使馆等等。凯悦、温德姆、锦江国际大酒店、香格里拉、希尔顿、喜来登、威斯汀、悦椿等五星级酒店是我们主要活动举办场所。"
ObjectId(5cc57fd0ded5f717ac6081bc),西安超斯塔科技有限公司,西安,150-500人,"移动互联网,广告营销",西安超斯塔科技有限公司是全球领先的综合移动互联网广告服务商。公司为全球160多个国家和地区的移动互联网app客户提供创新技术与产品解决方案，让全世界用户享有连接世界的便捷。2018年3月30日龙域之星作为西安超斯塔科技的全资控股公司被吉宏股份（股票代码：002803）全资收购，我们将借助上市公司的资本，管理和创新力量做大做强。
ObjectId(5cc57fd0ded5f717ac6081bd),核音智言,西安,少于15人,"移动互联网,文化娱乐",人工智能娱乐助理机器人APP
ObjectId(5cc57fd14884a0cfa814d522),北京瑞达恒西安分公司,西安,500-2000人,"分类信息,企业服务",瑞达恒建筑咨询公司（RCC China Ltd.）在北京、上海、广州、天津、重庆、武汉、杭州、南京、西安和呼和浩特、成都等十一个城市设有公司，是中国工程信息行业内在信息搜集网点、信息量和信息准确 性均保持领先地位的专业咨询公司。
ObjectId(5cc57fd14884a0cfa814d523),Wisdom Garden,西安,50-150人,教育,"Wisdom Garden Holdings Limited是一家专注于教育行业咨询及信息化服务的公司，公司面向学校和培训机构提供包含业务咨询和软硬件在内的一体化解决方案，下设台北子公司（台湾智园有限公司）及西安子公司（西安智园软件开发管理有限公司）。

 我们的团队有从事教育行业信息化超过10年的业务专家，也有国际顶级学府教育科技专业背景的咨询师，以及具有丰富的敏捷软件开发经验的研发团队。我们致力于结合领先科技和不断创新的先进教育理念，通过优秀的产品帮助客户提供更优质的一站式服务。

 我们的客户遍布澳门、台湾、大陆，服务的客户包含高等教育、职业教育、线上教育、中小学教育，我们为客户提供具有前瞻性的战略咨询及架构设计，帮助客户进行校舍电路设计及教学硬件配套供应；协助客户梳理并优化现有组织体系的工作流程，通过流程更新和软件管理提高组织的运转效率；同时我们提供先进的在线教育平台及云服务，帮助整合学校教育资源。"
ObjectId(5cc57fd2ded5f717ac6081be),神航星云,西安,50-150人,"移动互联网,人工智能",西安神航星云科技有限公司是一家年轻充满活力的企业，公司以社会价值为己任，以科技创新为引擎，坚持以人为本的发展理念，以信息技术、材料技术、能源技术三大基础为核心，深耕智慧城市、工业4.0等高科技领域，是个人创造价值实现自我的良好平台，欢迎有理想有抱负的年轻人加盟！
ObjectId(5cc57fd3ded5f717ac6081bf),西安超斯塔科技有限公司,西安,150-500人,"移动互联网,广告营销",西安超斯塔科技有限公司是全球领先的综合移动互联网广告服务商。公司为全球160多个国家和地区的移动互联网app客户提供创新技术与产品解决方案，让全世界用户享有连接世界的便捷。2018年3月30日龙域之星作为西安超斯塔科技的全资控股公司被吉宏股份（股票代码：002803）全资收购，我们将借助上市公司的资本，管理和创新力量做大做强。
ObjectId(5cc57fd34884a0cfa814d524),指舞科技,西安,15-50人,"社交网络,文化娱乐","西安指舞飞游网络科技有限公司（下文简称指舞科技）是西北更大的新媒体内容和互联网轻社交产品矩阵集团，专注于社交轻产品和轻内容创作及运营。旗下公众号，小程序，app多端合计用户超过一亿。

▷发展历程
2014年9月初创团队成立，致力于社交轻应用研发与运营；
2016年9月获得数百万天使轮融资，组建基于H5的轻游戏平台 - 248游戏；
2018年3月获得深圳量子云数千万人民币战略投资；

▷获得荣誉：
2015年公司旗下“微测试”获得陕西省“最佳微信公众号团队”称号；
2017年公司旗下“趣测”产品获得“小程序行业社交奖”，在全国百强小程序中排名TOP30；
2017，2018年公司旗下“248游戏”产品连续两年获得“年度最具影响力H5游戏运营企业”称号；
2018年获得西安市雏鹰企业称号；
2018年被认定为科技型中小企业；
2018年成为陕西动漫游戏行业协会理事单位；
2018年被评为陕西动漫游戏行业协会“优秀会员”；

▷旗下主要产品：
1. 公众号矩阵：超过10个粉丝规模百万级微信公众号，总粉丝超过2500万；
2. 小程序矩阵：超过20个用户规模百万级小程序，总用户量超过7000万；
3. 产品矩阵—【趣测】、【星座铺】 、【探me】 、【248游戏】，多端累计用户数超过一亿；
4. 新媒体矩阵：占星女王，情话铺等多个精品星座，情感类公众号；
5. 国内领先的女性H5轻游戏平台 - 248游戏，累计玩家超过2000万；

▷旗下主要业务：
1. 付费阅读，提供精品网络文学付费阅读服务；
2. 付费咨询，提供心理，命理，星座等付费咨询服务；
3. 电商，基于微信的精品社交电商业务；
4. H5游戏，基于HTML5的手机页游分发业务。"
ObjectId(5cc57fd44884a0cfa814d525),北京瑞达恒西安分公司,西安,500-2000人,"分类信息,企业服务",瑞达恒建筑咨询公司（RCC China Ltd.）在北京、上海、广州、天津、重庆、武汉、杭州、南京、西安和呼和浩特、成都等十一个城市设有公司，是中国工程信息行业内在信息搜集网点、信息量和信息准确 性均保持领先地位的专业咨询公司。
ObjectId(5cc57fd5ded5f717ac6081c0),神航星云,西安,50-150人,"移动互联网,人工智能",西安神航星云科技有限公司是一家年轻充满活力的企业，公司以社会价值为己任，以科技创新为引擎，坚持以人为本的发展理念，以信息技术、材料技术、能源技术三大基础为核心，深耕智慧城市、工业4.0等高科技领域，是个人创造价值实现自我的良好平台，欢迎有理想有抱负的年轻人加盟！
ObjectId(5cc57fd54884a0cfa814d526),Wisdom Garden,西安,50-150人,教育,"Wisdom Garden Holdings Limited是一家专注于教育行业咨询及信息化服务的公司，公司面向学校和培训机构提供包含业务咨询和软硬件在内的一体化解决方案，下设台北子公司（台湾智园有限公司）及西安子公司（西安智园软件开发管理有限公司）。

 我们的团队有从事教育行业信息化超过10年的业务专家，也有国际顶级学府教育科技专业背景的咨询师，以及具有丰富的敏捷软件开发经验的研发团队。我们致力于结合领先科技和不断创新的先进教育理念，通过优秀的产品帮助客户提供更优质的一站式服务。

 我们的客户遍布澳门、台湾、大陆，服务的客户包含高等教育、职业教育、线上教育、中小学教育，我们为客户提供具有前瞻性的战略咨询及架构设计，帮助客户进行校舍电路设计及教学硬件配套供应；协助客户梳理并优化现有组织体系的工作流程，通过流程更新和软件管理提高组织的运转效率；同时我们提供先进的在线教育平台及云服务，帮助整合学校教育资源。"
ObjectId(5cc57fd67c7ac0b71e84a806),北京互联企信信息技术有限公司,西安,2000人以上,其他,"公司简介：法国Teleperformance作为全球第一CRM外包服务供应商，为了更进一步推动全球拓展策略，更好的服务于全球客户，现在北京设立了外包客服中心—Teleperformance China（北京互联企信信息技术有限公司）并首期成功建成可扩充坐席500个（后期可扩充至2000个）；依靠Teleperformance集团为强大的后盾，采用全球统一的服务标准和运营考核指标，Teleperformance China将继续竭力为我们的客户提供专业、系统的呼叫中心培训、呼出、呼入业务，致力于协助客户实现最大的商业价值。
Teleperformance成立于1978年，总部设在法国巴黎，并在欧洲上市（欧洲证券交易所股票代码：5180）目前的坐席数量位居世界第一（坐席数量超过46000个，员工总数超过60000人）；其业务遍及全球41个国家和地区；全球客户超过1000家，拥有268个客户联络中心并可提供51种语言及方言服务；每年客户联络超过10亿次。Teleperformance曾获得过邓白氏在6275个竞争对手中评选颁发的5A1级最高荣誉。领先的CRM呼叫中心经验；全球性的业务分布；灵活的解决方案和合作模式；合理的成本控制；统一的运营标准文化；良好的财务状况及资深的行业专家和管理团队是Teleperformance成功的基础。
28年来Teleperformance已深入全球电信、金融、保险、电子商务、媒体、IT、能源设施、交通旅游、制造、物流、制药等行业，并成功为大型跨国公司如：Sprint、France、Telecom、Verizon、AIG、Aegon、Microsoft、Dell、Motorola、Citigroup等提供以CRM为核心的服务体系，服务类型包括：客户挖掘、客户关怀、客户增值、技术支持、债务追讨和市场调研；其中90%的客户和我们有2--15年的合作基础。
Teleperformance在中国以外的41个国家和地区正在为很多跨国集团提供着服务；在此我们很真诚的希望与许多客户的合作在中国可以延续，并且借助中国强大的市场资源和Teleperformance集团丰富的运营经验，Teleperformance China将继续为在中国的全球客户提供专业的服务。
更多详情请浏览公司主页www.teleperformance.com"
ObjectId(5cc57fd6ded5f717ac6081c1),西安超斯塔科技有限公司,西安,150-500人,"移动互联网,广告营销",西安超斯塔科技有限公司是全球领先的综合移动互联网广告服务商。公司为全球160多个国家和地区的移动互联网app客户提供创新技术与产品解决方案，让全世界用户享有连接世界的便捷。2018年3月30日龙域之星作为西安超斯塔科技的全资控股公司被吉宏股份（股票代码：002803）全资收购，我们将借助上市公司的资本，管理和创新力量做大做强。
ObjectId(5cc57fd64884a0cfa814d527),指舞科技,西安,15-50人,"社交网络,文化娱乐","西安指舞飞游网络科技有限公司（下文简称指舞科技）是西北更大的新媒体内容和互联网轻社交产品矩阵集团，专注于社交轻产品和轻内容创作及运营。旗下公众号，小程序，app多端合计用户超过一亿。

▷发展历程
2014年9月初创团队成立，致力于社交轻应用研发与运营；
2016年9月获得数百万天使轮融资，组建基于H5的轻游戏平台 - 248游戏；
2018年3月获得深圳量子云数千万人民币战略投资；

▷获得荣誉：
2015年公司旗下“微测试”获得陕西省“最佳微信公众号团队”称号；
2017年公司旗下“趣测”产品获得“小程序行业社交奖”，在全国百强小程序中排名TOP30；
2017，2018年公司旗下“248游戏”产品连续两年获得“年度最具影响力H5游戏运营企业”称号；
2018年获得西安市雏鹰企业称号；
2018年被认定为科技型中小企业；
2018年成为陕西动漫游戏行业协会理事单位；
2018年被评为陕西动漫游戏行业协会“优秀会员”；

▷旗下主要产品：
1. 公众号矩阵：超过10个粉丝规模百万级微信公众号，总粉丝超过2500万；
2. 小程序矩阵：超过20个用户规模百万级小程序，总用户量超过7000万；
3. 产品矩阵—【趣测】、【星座铺】 、【探me】 、【248游戏】，多端累计用户数超过一亿；
4. 新媒体矩阵：占星女王，情话铺等多个精品星座，情感类公众号；
5. 国内领先的女性H5轻游戏平台 - 248游戏，累计玩家超过2000万；

▷旗下主要业务：
1. 付费阅读，提供精品网络文学付费阅读服务；
2. 付费咨询，提供心理，命理，星座等付费咨询服务；
3. 电商，基于微信的精品社交电商业务；
4. H5游戏，基于HTML5的手机页游分发业务。"
ObjectId(5cc57fd74884a0cfa814d528),星垂智能,西安,15-50人,"移动互联网,人工智能","星垂智能 ZENO 是一家总部在西安的科技创业公司，由连续创业者们创立，创始人们曾在美国，阿联酋等地工作和创业。目前 ZENO 处于隐藏模式中，已经获得来自阿联酋，加拿大和新加坡的客户。公司位于西安，并在迪拜设有分公司。 公司提供完善的福利制度和行业内 Top 5% 的薪资。

我们期望新同事拥有良好的英文沟通能力，对新技术的敏锐性和对新鲜事物的好奇心。"
ObjectId(5cc57fd74884a0cfa814d529),北京瑞达恒西安分公司,西安,500-2000人,"分类信息,企业服务",瑞达恒建筑咨询公司（RCC China Ltd.）在北京、上海、广州、天津、重庆、武汉、杭州、南京、西安和呼和浩特、成都等十一个城市设有公司，是中国工程信息行业内在信息搜集网点、信息量和信息准确 性均保持领先地位的专业咨询公司。
ObjectId(5cc57fd87c7ac0b71e84a807),海平方,西安,50-150人,移动互联网,西安海平方网络科技有限公司是以BIM（Building Information Modeling）应用研发为核心的新型互联网企业，由深圳市建筑设计研究总院西安软件研发部和深圳市深装总装饰股份有限公司的BIM团队演化而来。公司主要研发围绕建筑设计和施工各个阶段的服务应用展开，在建筑服务领域具有深厚的技术沉淀，在建筑设计、施工方面具有多年高水平项目的知识积累，在信息服务方面具有高水平支撑团队。  公司基于多年对建筑行业的理解和BIM技术的成功应用，针对业主、设计单位、施工单位和制造商等各参与方提供设计、施工和运维阶段等全流程的BIM支持服务。在技术支撑方面，结合人工智能、大数据挖掘及行业知识库构建了贴合国内建筑行业实际标准、操作、工料的解决方案，以自动化实现、关联补全为核心，提供量身定制的优良服务。 公司秉承创新、务实的发展理念，用海纳百川的宽广胸怀为人才、技术、思想构建包容宽厚的环境，求同存异，多元创新；在相关技术平面内用务实求真、细致持久的态度深入钻研，构筑坚实的发展基础；在建筑方圆内用务实砺精、追求极致的工匠精神与行业共同发展。 公司在建筑相关的三维信息处理、智能规划、统筹计划、自动设计、大数据挖掘、云计算、增强现实等领域均建有专门团队进行技术支撑，并和西北工业大学、西安交通大学、西安电子科技大学、美国天宝公司等单位建立联合研发团队，具有雄厚的研发实力。
ObjectId(5cc57fd9ded5f717ac6081c2),水良青争商贸有限公司,西安,50-150人,零售贸易、其他,"日用百货、服装服饰、鞋帽、皮革制品、玩具、洗涤用品、化妆品、摄影
器材、音响设备及器材、体有用品(除弓弩)、文化办公用品及耗材、工
艺品、橡胶制品、塑料制品、化工原料及产品及化学试剂(以上除易燃易
爆、危险及监控化学品、易制毒品)、家用电器、阀门、管道配件、电子
产品、通信设备、通讯器材、电线电缆、机电设备及配件、机械设备及配
件、计算机软硬件及配件、金属材料及制品(除专控)、仪器仪表、建筑等....."
ObjectId(5cc57fda4884a0cfa814d52a),Wisdom Garden,西安,50-150人,教育,"Wisdom Garden Holdings Limited是一家专注于教育行业咨询及信息化服务的公司，公司面向学校和培训机构提供包含业务咨询和软硬件在内的一体化解决方案，下设台北子公司（台湾智园有限公司）及西安子公司（西安智园软件开发管理有限公司）。

 我们的团队有从事教育行业信息化超过10年的业务专家，也有国际顶级学府教育科技专业背景的咨询师，以及具有丰富的敏捷软件开发经验的研发团队。我们致力于结合领先科技和不断创新的先进教育理念，通过优秀的产品帮助客户提供更优质的一站式服务。

 我们的客户遍布澳门、台湾、大陆，服务的客户包含高等教育、职业教育、线上教育、中小学教育，我们为客户提供具有前瞻性的战略咨询及架构设计，帮助客户进行校舍电路设计及教学硬件配套供应；协助客户梳理并优化现有组织体系的工作流程，通过流程更新和软件管理提高组织的运转效率；同时我们提供先进的在线教育平台及云服务，帮助整合学校教育资源。"
ObjectId(5cc57fdafb8b2f061e45cb1e),神航星云,西安,50-150人,"移动互联网,人工智能",西安神航星云科技有限公司是一家年轻充满活力的企业，公司以社会价值为己任，以科技创新为引擎，坚持以人为本的发展理念，以信息技术、材料技术、能源技术三大基础为核心，深耕智慧城市、工业4.0等高科技领域，是个人创造价值实现自我的良好平台，欢迎有理想有抱负的年轻人加盟！
ObjectId(5cc57fdcfb8b2f061e45cb1f),指舞科技,西安,15-50人,"社交网络,文化娱乐","西安指舞飞游网络科技有限公司（下文简称指舞科技）是西北更大的新媒体内容和互联网轻社交产品矩阵集团，专注于社交轻产品和轻内容创作及运营。旗下公众号，小程序，app多端合计用户超过一亿。

▷发展历程
2014年9月初创团队成立，致力于社交轻应用研发与运营；
2016年9月获得数百万天使轮融资，组建基于H5的轻游戏平台 - 248游戏；
2018年3月获得深圳量子云数千万人民币战略投资；

▷获得荣誉：
2015年公司旗下“微测试”获得陕西省“最佳微信公众号团队”称号；
2017年公司旗下“趣测”产品获得“小程序行业社交奖”，在全国百强小程序中排名TOP30；
2017，2018年公司旗下“248游戏”产品连续两年获得“年度最具影响力H5游戏运营企业”称号；
2018年获得西安市雏鹰企业称号；
2018年被认定为科技型中小企业；
2018年成为陕西动漫游戏行业协会理事单位；
2018年被评为陕西动漫游戏行业协会“优秀会员”；

▷旗下主要产品：
1. 公众号矩阵：超过10个粉丝规模百万级微信公众号，总粉丝超过2500万；
2. 小程序矩阵：超过20个用户规模百万级小程序，总用户量超过7000万；
3. 产品矩阵—【趣测】、【星座铺】 、【探me】 、【248游戏】，多端累计用户数超过一亿；
4. 新媒体矩阵：占星女王，情话铺等多个精品星座，情感类公众号；
5. 国内领先的女性H5轻游戏平台 - 248游戏，累计玩家超过2000万；

▷旗下主要业务：
1. 付费阅读，提供精品网络文学付费阅读服务；
2. 付费咨询，提供心理，命理，星座等付费咨询服务；
3. 电商，基于微信的精品社交电商业务；
4. H5游戏，基于HTML5的手机页游分发业务。"
ObjectId(5cc57fddfb8b2f061e45cb20),西安超斯塔科技有限公司,西安,150-500人,"移动互联网,广告营销",西安超斯塔科技有限公司是全球领先的综合移动互联网广告服务商。公司为全球160多个国家和地区的移动互联网app客户提供创新技术与产品解决方案，让全世界用户享有连接世界的便捷。2018年3月30日龙域之星作为西安超斯塔科技的全资控股公司被吉宏股份（股票代码：002803）全资收购，我们将借助上市公司的资本，管理和创新力量做大做强。
ObjectId(5cc57fdefb8b2f061e45cb21),北京互联企信信息技术有限公司,西安,2000人以上,其他,"公司简介：法国Teleperformance作为全球第一CRM外包服务供应商，为了更进一步推动全球拓展策略，更好的服务于全球客户，现在北京设立了外包客服中心—Teleperformance China（北京互联企信信息技术有限公司）并首期成功建成可扩充坐席500个（后期可扩充至2000个）；依靠Teleperformance集团为强大的后盾，采用全球统一的服务标准和运营考核指标，Teleperformance China将继续竭力为我们的客户提供专业、系统的呼叫中心培训、呼出、呼入业务，致力于协助客户实现最大的商业价值。
Teleperformance成立于1978年，总部设在法国巴黎，并在欧洲上市（欧洲证券交易所股票代码：5180）目前的坐席数量位居世界第一（坐席数量超过46000个，员工总数超过60000人）；其业务遍及全球41个国家和地区；全球客户超过1000家，拥有268个客户联络中心并可提供51种语言及方言服务；每年客户联络超过10亿次。Teleperformance曾获得过邓白氏在6275个竞争对手中评选颁发的5A1级最高荣誉。领先的CRM呼叫中心经验；全球性的业务分布；灵活的解决方案和合作模式；合理的成本控制；统一的运营标准文化；良好的财务状况及资深的行业专家和管理团队是Teleperformance成功的基础。
28年来Teleperformance已深入全球电信、金融、保险、电子商务、媒体、IT、能源设施、交通旅游、制造、物流、制药等行业，并成功为大型跨国公司如：Sprint、France、Telecom、Verizon、AIG、Aegon、Microsoft、Dell、Motorola、Citigroup等提供以CRM为核心的服务体系，服务类型包括：客户挖掘、客户关怀、客户增值、技术支持、债务追讨和市场调研；其中90%的客户和我们有2--15年的合作基础。
Teleperformance在中国以外的41个国家和地区正在为很多跨国集团提供着服务；在此我们很真诚的希望与许多客户的合作在中国可以延续，并且借助中国强大的市场资源和Teleperformance集团丰富的运营经验，Teleperformance China将继续为在中国的全球客户提供专业的服务。
更多详情请浏览公司主页www.teleperformance.com"
ObjectId(5cc57fe27e4db59a7044d9b4),星垂智能,西安,15-50人,"移动互联网,人工智能","星垂智能 ZENO 是一家总部在西安的科技创业公司，由连续创业者们创立，创始人们曾在美国，阿联酋等地工作和创业。目前 ZENO 处于隐藏模式中，已经获得来自阿联酋，加拿大和新加坡的客户。公司位于西安，并在迪拜设有分公司。 公司提供完善的福利制度和行业内 Top 5% 的薪资。

我们期望新同事拥有良好的英文沟通能力，对新技术的敏锐性和对新鲜事物的好奇心。"
ObjectId(5cc57fe27e4db59a7044d9b5),北京互联企信信息技术有限公司,西安,2000人以上,其他,"公司简介：法国Teleperformance作为全球第一CRM外包服务供应商，为了更进一步推动全球拓展策略，更好的服务于全球客户，现在北京设立了外包客服中心—Teleperformance China（北京互联企信信息技术有限公司）并首期成功建成可扩充坐席500个（后期可扩充至2000个）；依靠Teleperformance集团为强大的后盾，采用全球统一的服务标准和运营考核指标，Teleperformance China将继续竭力为我们的客户提供专业、系统的呼叫中心培训、呼出、呼入业务，致力于协助客户实现最大的商业价值。
Teleperformance成立于1978年，总部设在法国巴黎，并在欧洲上市（欧洲证券交易所股票代码：5180）目前的坐席数量位居世界第一（坐席数量超过46000个，员工总数超过60000人）；其业务遍及全球41个国家和地区；全球客户超过1000家，拥有268个客户联络中心并可提供51种语言及方言服务；每年客户联络超过10亿次。Teleperformance曾获得过邓白氏在6275个竞争对手中评选颁发的5A1级最高荣誉。领先的CRM呼叫中心经验；全球性的业务分布；灵活的解决方案和合作模式；合理的成本控制；统一的运营标准文化；良好的财务状况及资深的行业专家和管理团队是Teleperformance成功的基础。
28年来Teleperformance已深入全球电信、金融、保险、电子商务、媒体、IT、能源设施、交通旅游、制造、物流、制药等行业，并成功为大型跨国公司如：Sprint、France、Telecom、Verizon、AIG、Aegon、Microsoft、Dell、Motorola、Citigroup等提供以CRM为核心的服务体系，服务类型包括：客户挖掘、客户关怀、客户增值、技术支持、债务追讨和市场调研；其中90%的客户和我们有2--15年的合作基础。
Teleperformance在中国以外的41个国家和地区正在为很多跨国集团提供着服务；在此我们很真诚的希望与许多客户的合作在中国可以延续，并且借助中国强大的市场资源和Teleperformance集团丰富的运营经验，Teleperformance China将继续为在中国的全球客户提供专业的服务。
更多详情请浏览公司主页www.teleperformance.com"
ObjectId(5cc57fe3850cb22b8a2612f9),北京瑞达恒西安分公司,西安,500-2000人,"分类信息,企业服务",瑞达恒建筑咨询公司（RCC China Ltd.）在北京、上海、广州、天津、重庆、武汉、杭州、南京、西安和呼和浩特、成都等十一个城市设有公司，是中国工程信息行业内在信息搜集网点、信息量和信息准确 性均保持领先地位的专业咨询公司。
ObjectId(5cc57fe6c1bb45b4f15cc62a),星垂智能,西安,15-50人,"移动互联网,人工智能","星垂智能 ZENO 是一家总部在西安的科技创业公司，由连续创业者们创立，创始人们曾在美国，阿联酋等地工作和创业。目前 ZENO 处于隐藏模式中，已经获得来自阿联酋，加拿大和新加坡的客户。公司位于西安，并在迪拜设有分公司。 公司提供完善的福利制度和行业内 Top 5% 的薪资。

我们期望新同事拥有良好的英文沟通能力，对新技术的敏锐性和对新鲜事物的好奇心。"
ObjectId(5cc57fe7c1bb45b4f15cc62b),新华保险,西安,2000人以上,金融,"新华人寿保险股份有限公司，简称“新华保险”，成立于1996年9月，总部位于北京市，是一家大型寿险企业。2011年，新华保险在香港联合交易所和上海证券交易所同步上市，A股代码为601336，H股代码为1336。新华保险2013年实现保险业务收入人民币1036.4亿元，公司总资产规模达到5658.49亿元，实现保费收入正增长，继续保持国内寿险行业三甲地位。2014年公司实现保险业务收入人民币1098.68亿元，公司总资产规模达到6437.09亿元，实现保费收入正增长，继续保持行业三甲地位，并在2014年首次入围福布斯世界500强企业。[1] 2016年8月，新华保险在""2016中国企业500强""中排名第102位。2016年新华保险斩获 “最佳技术保险公司奖”"
ObjectId(5cc57fe8496ef7c995b24bdf),知韬科技,西安,少于15人,"移动互联网,社交网络",西安知者得韬网络科技有限公司成立于 2017 年，目前正在紧锣密鼓开发面向行业内垂直 LBS 社交产品。我们是一个专业、热情的创业团队，希望您也同样专注、追求极致。我们始终认为有效率的工作最重要，因此我们坚持朝九晚五、周末双休。我们的公司在西安国际港务区，这地方偏了？没问题，早晚班车接送绝对让您省心省力。
ObjectId(5cc57fe9496ef7c995b24be0),知韬科技,西安,少于15人,"移动互联网,社交网络",西安知者得韬网络科技有限公司成立于 2017 年，目前正在紧锣密鼓开发面向行业内垂直 LBS 社交产品。我们是一个专业、热情的创业团队，希望您也同样专注、追求极致。我们始终认为有效率的工作最重要，因此我们坚持朝九晚五、周末双休。我们的公司在西安国际港务区，这地方偏了？没问题，早晚班车接送绝对让您省心省力。
ObjectId(5cc57fea496ef7c995b24be1),新华保险,西安,2000人以上,金融,"新华人寿保险股份有限公司，简称“新华保险”，成立于1996年9月，总部位于北京市，是一家大型寿险企业。2011年，新华保险在香港联合交易所和上海证券交易所同步上市，A股代码为601336，H股代码为1336。新华保险2013年实现保险业务收入人民币1036.4亿元，公司总资产规模达到5658.49亿元，实现保费收入正增长，继续保持国内寿险行业三甲地位。2014年公司实现保险业务收入人民币1098.68亿元，公司总资产规模达到6437.09亿元，实现保费收入正增长，继续保持行业三甲地位，并在2014年首次入围福布斯世界500强企业。[1] 2016年8月，新华保险在""2016中国企业500强""中排名第102位。2016年新华保险斩获 “最佳技术保险公司奖”"
ObjectId(5cc57feb496ef7c995b24be2),思尔生物,西安,50-150人,"医疗健康,数据服务","陕西思尔生物科技有限公司成立于2012年，是一家以医疗、保健为核心主体的高新技术企业，主要致力于可穿戴医疗设备、医药、电子产品的研发。
公司始终坚持“至尚服务、精确标准、传播理念、尊享健康”的研发原则，遵循“多元经营、策略联盟、集体智慧、共同发展”的战略方针，与周边多所重点大学、企业和科研机构建立紧密合作关系，为公司科研技术，综合发展提供强有力的保障。"
ObjectId(5cc57fec496ef7c995b24be3),Wisdom Garden,西安,50-150人,教育,"Wisdom Garden Holdings Limited是一家专注于教育行业咨询及信息化服务的公司，公司面向学校和培训机构提供包含业务咨询和软硬件在内的一体化解决方案，下设台北子公司（台湾智园有限公司）及西安子公司（西安智园软件开发管理有限公司）。

 我们的团队有从事教育行业信息化超过10年的业务专家，也有国际顶级学府教育科技专业背景的咨询师，以及具有丰富的敏捷软件开发经验的研发团队。我们致力于结合领先科技和不断创新的先进教育理念，通过优秀的产品帮助客户提供更优质的一站式服务。

 我们的客户遍布澳门、台湾、大陆，服务的客户包含高等教育、职业教育、线上教育、中小学教育，我们为客户提供具有前瞻性的战略咨询及架构设计，帮助客户进行校舍电路设计及教学硬件配套供应；协助客户梳理并优化现有组织体系的工作流程，通过流程更新和软件管理提高组织的运转效率；同时我们提供先进的在线教育平台及云服务，帮助整合学校教育资源。"
ObjectId(5cc57fed0024d5f73abd9864),魔之方科技,西安,15-50人,"移动互联网,教育",西安魔之方网络科技有限公司是一家专注于互联网技术研发的高新技术企业。我们追求用户极致体验，主营业务涉及：APP研发、小程序开发、 系统软件研发、各种商城定制开发、互联网课程营销、互联网营销策划、新媒体运营、行业内培训授课等。公司拥有专业完善的技术研发和运营团队，为客户提供新媒体平台搭建、运营和技术支持，帮助企业实现客户管理、用户消费、客户大数据和用户社交的信息一体化服务，同时公司也是腾讯QQ智慧校园的技术服务商，我们希望通过科技推动企业发展，通过网络改变商业模式，让我们一起助力中国传统行业起飞。
ObjectId(5cc57fed0024d5f73abd9865),舞梦依然摄影,西安,15-50人,文化娱乐,西安舞梦依然摄影工作室是一家专门提供内外景平面拍摄，包括婚纱摄影，个性写真的专业摄影工作室。拥有强大的摄影工作团队，是由有活力、时尚的年轻摄影师组成。专注于为您打造浪漫、温馨、时尚、个性、韩式、欧式、复古、新锐等风格的时尚大片，为你留下您美好记忆典藏！ 风格色调主要以清新，靓丽，温和等真实色调为主，倾力打造自然之美，为客户提供满意的服务。
ObjectId(5cc57fee0024d5f73abd9866),西安多麦电商,西安,50-150人,电子商务,"西安多麦软件科技有限公司简称多麦电商，成立于2015年，公司注册资金1000万，专注于淘宝、天猫及全网品牌的代运营以及营销推广的第三方服务商公司，致力于提供无线SEO自然搜索、无线店铺运营、直通车推广、钻展推广、视觉设计、电商培训等服务，为淘宝卖家保驾护航。
多麦电商作为全国首批研发无线运营的服务商。公司致力于提供无线SEO自然搜索、无线店铺运营、直通车优化、钻展优化等服务，依托专业的数据分析和5年运营经验的精英团队，专注于企业品牌与电子商务运营相结合的整体战略服务，竭力为客户提供具备真正有价值的电子商务外包整体解决方案。为品牌企业从传统的运营方式建立电子商务的营销模式，推广企业品牌，提高品牌知名度，提升品牌价值。企业愿景是将多麦打造成为西北最有价值的电商服务品牌！
多麦电商本着一切让电商更简单的宗旨，专心、专注、专业为客户服务的理念，以客户的认可和长期合作为荣誉。"
ObjectId(5cc57fee0024d5f73abd9867),知韬科技,西安,少于15人,"移动互联网,社交网络",西安知者得韬网络科技有限公司成立于 2017 年，目前正在紧锣密鼓开发面向行业内垂直 LBS 社交产品。我们是一个专业、热情的创业团队，希望您也同样专注、追求极致。我们始终认为有效率的工作最重要，因此我们坚持朝九晚五、周末双休。我们的公司在西安国际港务区，这地方偏了？没问题，早晚班车接送绝对让您省心省力。
ObjectId(5cc57fee37c65a790ff9af77),思尔生物,西安,50-150人,"医疗健康,数据服务","陕西思尔生物科技有限公司成立于2012年，是一家以医疗、保健为核心主体的高新技术企业，主要致力于可穿戴医疗设备、医药、电子产品的研发。
公司始终坚持“至尚服务、精确标准、传播理念、尊享健康”的研发原则，遵循“多元经营、策略联盟、集体智慧、共同发展”的战略方针，与周边多所重点大学、企业和科研机构建立紧密合作关系，为公司科研技术，综合发展提供强有力的保障。"
ObjectId(5cc57ff00024d5f73abd9868),博智营销,西安,15-50人,"移动互联网,广告营销","西安博智营销是一家提供移动互联网及数字媒体领域全服务的企业营销策划有限公司。公司在移动互联网领域的业务发展上不断壮大，已经与太奥广场、群贤道九号、东方米兰国际城、仁和地产及中国联通、陕西广电等众多知名客户多次合作。我们通过对策略、创意、移动技术开发和行业发展的深度洞察，为客户提供专业、精准的微营销、策划和技术支持。我们提供新媒体运营、互动创意设计、微信H5小程序开发、VR/AR技术等全方位移动互联网领域营销服务。务实、创新是我们的服务理念，发展、共赢是我们的服务目标。
1.轻松和谐的工作氛围，良好的学习成长气氛，充实每一天，开 心工作每一天 2.公平的竞争机制，人性化弹性管理，让你自由无拘，处之自然。 3.每月都有活动，每年都有旅游，工作满一年，除法定节日外再送一周休息假期（公司提供一千元的旅游基金，想去哪里就去哪里，我们认为让你开阔眼界是我们的责任）。 4.一起跑步，坚持三个月就送NIKE 跑鞋。一起打球，一起看电影，一起K歌 5.工作满一年，13薪起，其它奖励另算。
应聘前，请大家看好公司地址，入职之后尽量家和公司之间地址不要超过1小时车程为好~ 路程太远了请不要考虑和投递了哈~"
ObjectId(5cc57ff10024d5f73abd9869),Huatek,西安,150-500人,"电子商务,移动互联网","华泰软件（Huatek）是华泰太平洋集团投资控股公司。华泰太平洋集团投资控股上海华泰软件工程和西安华讯科技。华泰软件创立于1993年，初期由中国惠普有限公司、上海浦东软件园和中国惠普第一任总经理刘季宁博士共同投资和创立的企业。目前在美国硅谷、上海、西安、深圳和台北等地设有研发中心和运营机构。



 华泰软件专注于利用移动互联、大数据和物联网等创新技术， 在企业互联网化，商务电子化，供应链优化，渠道整合和大数据分析等领域，为中国、北美、欧洲和亚洲的500强企业和创新者提供服务。



 华泰软件连续多年被国家发展改革委员会、工业和信息化部、商务部和国家税务总局、上海市人民政府、上海市软件协会评定为国家“规划布局内重点软件企业”、全国“外商投资双优企业“、”外商投资产品出口企业”、“高新技术认定企业”和“上海明星软件企业”等荣誉称号。



华泰定位：企业互联网生态体系解决方案提供商。

华泰使命：科技引领未来，服务助力创新。"
ObjectId(5cc57ff10acc36571deb2f25),新华保险,西安,2000人以上,金融,"新华人寿保险股份有限公司，简称“新华保险”，成立于1996年9月，总部位于北京市，是一家大型寿险企业。2011年，新华保险在香港联合交易所和上海证券交易所同步上市，A股代码为601336，H股代码为1336。新华保险2013年实现保险业务收入人民币1036.4亿元，公司总资产规模达到5658.49亿元，实现保费收入正增长，继续保持国内寿险行业三甲地位。2014年公司实现保险业务收入人民币1098.68亿元，公司总资产规模达到6437.09亿元，实现保费收入正增长，继续保持行业三甲地位，并在2014年首次入围福布斯世界500强企业。[1] 2016年8月，新华保险在""2016中国企业500强""中排名第102位。2016年新华保险斩获 “最佳技术保险公司奖”"
ObjectId(5cc57ff20024d5f73abd986a),博智营销,西安,15-50人,"移动互联网,广告营销","西安博智营销是一家提供移动互联网及数字媒体领域全服务的企业营销策划有限公司。公司在移动互联网领域的业务发展上不断壮大，已经与太奥广场、群贤道九号、东方米兰国际城、仁和地产及中国联通、陕西广电等众多知名客户多次合作。我们通过对策略、创意、移动技术开发和行业发展的深度洞察，为客户提供专业、精准的微营销、策划和技术支持。我们提供新媒体运营、互动创意设计、微信H5小程序开发、VR/AR技术等全方位移动互联网领域营销服务。务实、创新是我们的服务理念，发展、共赢是我们的服务目标。
1.轻松和谐的工作氛围，良好的学习成长气氛，充实每一天，开 心工作每一天 2.公平的竞争机制，人性化弹性管理，让你自由无拘，处之自然。 3.每月都有活动，每年都有旅游，工作满一年，除法定节日外再送一周休息假期（公司提供一千元的旅游基金，想去哪里就去哪里，我们认为让你开阔眼界是我们的责任）。 4.一起跑步，坚持三个月就送NIKE 跑鞋。一起打球，一起看电影，一起K歌 5.工作满一年，13薪起，其它奖励另算。
应聘前，请大家看好公司地址，入职之后尽量家和公司之间地址不要超过1小时车程为好~ 路程太远了请不要考虑和投递了哈~"
ObjectId(5cc57ff20acc36571deb2f26),舞梦依然摄影,西安,15-50人,文化娱乐,西安舞梦依然摄影工作室是一家专门提供内外景平面拍摄，包括婚纱摄影，个性写真的专业摄影工作室。拥有强大的摄影工作团队，是由有活力、时尚的年轻摄影师组成。专注于为您打造浪漫、温馨、时尚、个性、韩式、欧式、复古、新锐等风格的时尚大片，为你留下您美好记忆典藏！ 风格色调主要以清新，靓丽，温和等真实色调为主，倾力打造自然之美，为客户提供满意的服务。
ObjectId(5cc57ff30024d5f73abd986b),北京互联企信信息技术有限公司,西安,2000人以上,其他,"公司简介：法国Teleperformance作为全球第一CRM外包服务供应商，为了更进一步推动全球拓展策略，更好的服务于全球客户，现在北京设立了外包客服中心—Teleperformance China（北京互联企信信息技术有限公司）并首期成功建成可扩充坐席500个（后期可扩充至2000个）；依靠Teleperformance集团为强大的后盾，采用全球统一的服务标准和运营考核指标，Teleperformance China将继续竭力为我们的客户提供专业、系统的呼叫中心培训、呼出、呼入业务，致力于协助客户实现最大的商业价值。
Teleperformance成立于1978年，总部设在法国巴黎，并在欧洲上市（欧洲证券交易所股票代码：5180）目前的坐席数量位居世界第一（坐席数量超过46000个，员工总数超过60000人）；其业务遍及全球41个国家和地区；全球客户超过1000家，拥有268个客户联络中心并可提供51种语言及方言服务；每年客户联络超过10亿次。Teleperformance曾获得过邓白氏在6275个竞争对手中评选颁发的5A1级最高荣誉。领先的CRM呼叫中心经验；全球性的业务分布；灵活的解决方案和合作模式；合理的成本控制；统一的运营标准文化；良好的财务状况及资深的行业专家和管理团队是Teleperformance成功的基础。
28年来Teleperformance已深入全球电信、金融、保险、电子商务、媒体、IT、能源设施、交通旅游、制造、物流、制药等行业，并成功为大型跨国公司如：Sprint、France、Telecom、Verizon、AIG、Aegon、Microsoft、Dell、Motorola、Citigroup等提供以CRM为核心的服务体系，服务类型包括：客户挖掘、客户关怀、客户增值、技术支持、债务追讨和市场调研；其中90%的客户和我们有2--15年的合作基础。
Teleperformance在中国以外的41个国家和地区正在为很多跨国集团提供着服务；在此我们很真诚的希望与许多客户的合作在中国可以延续，并且借助中国强大的市场资源和Teleperformance集团丰富的运营经验，Teleperformance China将继续为在中国的全球客户提供专业的服务。
更多详情请浏览公司主页www.teleperformance.com"
ObjectId(5cc57ff30acc36571deb2f27),贝业思,西安,15-50人,"数据服务,移动互联网","贝业思大数据服务有限公司（贝业思）, 由一群来自美国和中国的经济学家，软件工程师和市场策划专员于2016年成立。目前研发总部设于西安。贝业思业务定位于大数据应用行业。我们用数据技术从巨量繁杂的大数据中发现重要数据特征，然后用计量经济模型来识别导致这些特征的因果关系，最终用识别的因果关系来帮助企业制定战略决策，帮助政府评估及制定公共政策。我们与现有数据分析最大的不同在于：a. 分析模型扎根于严谨的经济学理论；b. 分析过程使用贝叶斯定理(公司名称来源于此)；c. 区别于其他公司的分析结果主要停留在统计分析，我们的分析结果对企业和政府有明确指导意义。 团队成员是贝业思最核心的资产。目前团队里有中美资深经济学家(在国际顶尖期刊发表过论文)，著名广告公司市场策划专员，海归经济学博士，软件工程师。贝业思奉行的价格观为Think Big, Act Big----敢于梦想，不懈追求。我们充分尊重团队成员的意见。以目标为导向，给团队成员最大的自由发挥空间。"
ObjectId(5cc57ff50acc36571deb2f28),思尔生物,西安,50-150人,"医疗健康,数据服务","陕西思尔生物科技有限公司成立于2012年，是一家以医疗、保健为核心主体的高新技术企业，主要致力于可穿戴医疗设备、医药、电子产品的研发。
公司始终坚持“至尚服务、精确标准、传播理念、尊享健康”的研发原则，遵循“多元经营、策略联盟、集体智慧、共同发展”的战略方针，与周边多所重点大学、企业和科研机构建立紧密合作关系，为公司科研技术，综合发展提供强有力的保障。"
ObjectId(5cc57ff50024d5f73abd986c),贝业思,西安,15-50人,"数据服务,移动互联网","贝业思大数据服务有限公司（贝业思）, 由一群来自美国和中国的经济学家，软件工程师和市场策划专员于2016年成立。目前研发总部设于西安。贝业思业务定位于大数据应用行业。我们用数据技术从巨量繁杂的大数据中发现重要数据特征，然后用计量经济模型来识别导致这些特征的因果关系，最终用识别的因果关系来帮助企业制定战略决策，帮助政府评估及制定公共政策。我们与现有数据分析最大的不同在于：a. 分析模型扎根于严谨的经济学理论；b. 分析过程使用贝叶斯定理(公司名称来源于此)；c. 区别于其他公司的分析结果主要停留在统计分析，我们的分析结果对企业和政府有明确指导意义。 团队成员是贝业思最核心的资产。目前团队里有中美资深经济学家(在国际顶尖期刊发表过论文)，著名广告公司市场策划专员，海归经济学博士，软件工程师。贝业思奉行的价格观为Think Big, Act Big----敢于梦想，不懈追求。我们充分尊重团队成员的意见。以目标为导向，给团队成员最大的自由发挥空间。"
ObjectId(5cc57ff60acc36571deb2f29),魔之方科技,西安,15-50人,"移动互联网,教育",西安魔之方网络科技有限公司是一家专注于互联网技术研发的高新技术企业。我们追求用户极致体验，主营业务涉及：APP研发、小程序开发、 系统软件研发、各种商城定制开发、互联网课程营销、互联网营销策划、新媒体运营、行业内培训授课等。公司拥有专业完善的技术研发和运营团队，为客户提供新媒体平台搭建、运营和技术支持，帮助企业实现客户管理、用户消费、客户大数据和用户社交的信息一体化服务，同时公司也是腾讯QQ智慧校园的技术服务商，我们希望通过科技推动企业发展，通过网络改变商业模式，让我们一起助力中国传统行业起飞。
ObjectId(5cc57ff70acc36571deb2f2a),星垂智能,西安,15-50人,"移动互联网,人工智能","星垂智能 ZENO 是一家总部在西安的科技创业公司，由连续创业者们创立，创始人们曾在美国，阿联酋等地工作和创业。目前 ZENO 处于隐藏模式中，已经获得来自阿联酋，加拿大和新加坡的客户。公司位于西安，并在迪拜设有分公司。 公司提供完善的福利制度和行业内 Top 5% 的薪资。

我们期望新同事拥有良好的英文沟通能力，对新技术的敏锐性和对新鲜事物的好奇心。"
ObjectId(5cc57ff70acc36571deb2f2b),星璨互娱,西安,15-50人,"移动互联网,电子商务",陕西星璨互娱文化传播有限公司是一家做移动互联网营销的广告公司。主要包含Android和IOS线上营销、品牌推广及线下活动赛事执行等业务。
ObjectId(5cc57ff4336678165405b96b),西安芊仁邦电子科技有限公司,西安,50-150人,"快消,零售贸易","西安芊仁邦电子科技有限公司隶属于香港创新国际集团（INNOVAGE），香港创新国际集团是一家集采购、研发、设计、生产、销售为一体的“一站式服务”全球供应商，中国运营总部坐落于南京市，创新国际始创于1997年，在近21年的发展中，相继成立了中国绿色健康食品进口部门，通讯智能科技部门和日用百货部门等一体化产业链；2009年创新集团进驻香港市场，成立香港创新国际品牌运营中心，迈出了集团海外扩张的重要一步，公司提倡以人为本，将人才的培养放在第一位，为创新未来的持续发展提供了稳固的保障。香港创新国际集团凭借其在行业30多年的威望在全球100多个国家及地区设立了庞大营销分公司网络，并且和世界知名大型商业零售企业的合作，例如：WAL-MART、K-MART、GIFT、TARGET……形成了强大的集团采购优势，为消费者提供价廉物美的产品。公司以多年的采购，国际营销经验，国际化的视野和服务意识，致力于为中国的客户打造出具有先进国际理念和服务，拓展更多创新精神的专业营销管理公司。
公司主要销售产品包括：日用百货的零售及批发、电子通讯、商务礼品、进口食品、儿童玩具、办公用品等十几种类别，拥有近万种不同产品，产品流通量大，市场前景广阔。
香港创新国际目前已在全国四十多个城市成立了120多家分公司，70多家直营店，有北京卡酷、天津芊仁邦、杭州蓝帽子、武汉盛恩泰、成都盛思源、厦门蓝帽子传媒、西安芊仁邦、上海沁丰贸易，武汉朗雅实业有限公司……

我们坚持给客户提供更好的品质，更好的价格，更好的服务；给员工提供好的工作环境，广阔的发展空间为使命。为拓展西部市场的需求，急需储备人才，特向社会公开诚聘有志之士加盟(有无经验者均可)如果你有创业的激情，足够自信，不甘于平凡，我们可以为你提供发展的平台；只要你有足够的实力，随时欢迎你的加入！"
ObjectId(5cc57ff7bfab19893b4f1ad1),BOO!,西安,50-150人,"移动互联网,社交网络","我们是一群希望通过BOO改变世界的创业者！
 
【关于BOO】
BOO是我们从2016年开始打磨的一款社交产品，为全球下一代年轻人打造属于自己的社交平台，定义全球下一代年轻人的生活方式。目前BOO已经在欧美地区有超过两百万的青少年用户，随着产品功能的逐渐完善，及全球化的市场运营，这个数字每天都在扩大。
越来越多的年轻人可以通过BOO交到朋友、与朋友保持联系，并分享自己成长中的喜怒哀乐，更重要的是用户认同BOO中倡导的正向价值观，通过BOO的影响力，更多的全球用户愿意和我们一起让这个世界变得更美好！
 
【关于逆袭】
我们是一支渴望“逆袭”的创业团队，团队成员中很少有“明星公司”的背景，很少有辉煌令人咂舌的经历，大多数的团队成员只是心怀梦想的普通人，却在梦想的驱使下创造着一个又一个的奇迹。
l  2016年5月，BOO上线，快速上榜二十余个国家摄影与摄像榜单
l  2016年11月，用户数量突破百万，成功上榜多个海外国家App Store 、Google Play社交分类榜
l  2017年7月，获得一线投资机构千万美金A轮融资
l  2018年2月15日，狗年除夕夜，BOO在未做任何运营推广的情况下进入美国App Store社交分类第6名
l  未来，我们的目标是打造全球最好的社交公司，连接和赋能全球下一代年轻人，让世界变得更美好
 
【关于创业生活】
我们实行弹性工作制，在这里，工作时间是由到的最早的思思和走的最晚的海哥决定的
在这里，只要能释放出能量，展现光彩
你会发现，你每天都过得高效充实。
 
我们拼命工作，放肆玩耍，
在这里，我们一起健身，一起high，一起挑战最极限，最炫酷的娱乐方式，
过山车、漂流、滑翔伞，狼人杀，只要你敢想，我们就敢做，
你会发现，除了工作，我们还有更多样的方式找到不一样的自己。
 
我们坚持全员持股，提倡团队扁平化，采取小团队工作制，
在这里，人人都可以大胆说出自己的想法，即使它听起来荒诞不经，天马行空，
你会发现，所有想法在这里都会被尊重，
所有的职级在创意面前都不值一提！
 
加入逆袭，加入Boo Family，
我们挑战最酷炫的产品，我们追求最快速度的财务自由
我们不仅要经营公司，还要一起改变世界！
Join us! Win big or go home!"
ObjectId(5cc57ff859547f5d5d36c356),蒜泥科技,西安,150-500人,"移动互联网,硬件","蒜泥科技拥有有一支来自国内外一流学府的精英团队，汇聚技术、产品、运营、商务、销售、市场等尖端人才。总部位于凤城十路99号，3000平米的办公场所绝对是你见过的最极客最开放的办公环境。
 
目前，蒜泥科技已由单个公司发展为蒜泥事业群，业务涉及科技、文化、教育等领域。
 
蒜泥电子科技，以自主研发的人体三维扫描仪为主要采集设备，旨在打造基于人工智能与三维技术的人体大数据分析平台。
 
MakerBeta，是盛产脑洞和黑科技的短视频内容盛产者，你可以在腾讯视频、今日头条、A站、B站的MakerBeta频道看到我们的脑洞发明。
 
蒜泥制造，致力于成为最牛叉的模型设计与加工制造服务中心，公司引进多台工业级3D打印机、德国高精度扫描仪，为客户提供从概念到原型的一站式3D打印服务。
 
蒜泥创客信息，专注于创客STEAM机器人教育的高科技教育企业，目前有5个校区和1个体验店，营业面积达3000余平米。
 
蒜泥互动，直播牛人锻造平台，开发奇葩脑洞的视频创意空间。公司打造百万级直播红人，发力主播经纪，同期输出高品质大制作的网络直播综艺节目。
 
改变从这里开始，蒜泥与您携手应变。"
ObjectId(5cc57ff80acc36571deb2f2c),魔之方科技,西安,15-50人,"移动互联网,教育",西安魔之方网络科技有限公司是一家专注于互联网技术研发的高新技术企业。我们追求用户极致体验，主营业务涉及：APP研发、小程序开发、 系统软件研发、各种商城定制开发、互联网课程营销、互联网营销策划、新媒体运营、行业内培训授课等。公司拥有专业完善的技术研发和运营团队，为客户提供新媒体平台搭建、运营和技术支持，帮助企业实现客户管理、用户消费、客户大数据和用户社交的信息一体化服务，同时公司也是腾讯QQ智慧校园的技术服务商，我们希望通过科技推动企业发展，通过网络改变商业模式，让我们一起助力中国传统行业起飞。
ObjectId(5cc57ff859547f5d5d36c357),鼎迅科技,西安,15-50人,移动互联网 广告营销,"西安鼎迅网络信息科技有限公司（简称鼎迅科技）是一家主营移动互联网大数据精准营销、电信运营商短信增值服务的专业移动商务营销公司！

公司一直致力于为各个企事业单位、商业机构、营销团体，提供全媒体网络大数据精准营销的技术支持与服务！同时鼎迅科技公司也是中国移动、中国联通、中国电信的友好合作伙伴，在全国范围内向广大企业、商家提供短信平台业务。鼎迅科技拥有雄厚的全媒体资源及网络大数据信息资源的技术支持和强大的信息处理短信平台，系统稳定，技术强大，价格低廉，可为各企业和商家提供大数据营销服务，同时以优越的条件诚招各级代理运营商。"
ObjectId(5cc57ff9bfab19893b4f1ad2),BOO!,西安,50-150人,"移动互联网,社交网络","我们是一群希望通过BOO改变世界的创业者！
 
【关于BOO】
BOO是我们从2016年开始打磨的一款社交产品，为全球下一代年轻人打造属于自己的社交平台，定义全球下一代年轻人的生活方式。目前BOO已经在欧美地区有超过两百万的青少年用户，随着产品功能的逐渐完善，及全球化的市场运营，这个数字每天都在扩大。
越来越多的年轻人可以通过BOO交到朋友、与朋友保持联系，并分享自己成长中的喜怒哀乐，更重要的是用户认同BOO中倡导的正向价值观，通过BOO的影响力，更多的全球用户愿意和我们一起让这个世界变得更美好！
 
【关于逆袭】
我们是一支渴望“逆袭”的创业团队，团队成员中很少有“明星公司”的背景，很少有辉煌令人咂舌的经历，大多数的团队成员只是心怀梦想的普通人，却在梦想的驱使下创造着一个又一个的奇迹。
l  2016年5月，BOO上线，快速上榜二十余个国家摄影与摄像榜单
l  2016年11月，用户数量突破百万，成功上榜多个海外国家App Store 、Google Play社交分类榜
l  2017年7月，获得一线投资机构千万美金A轮融资
l  2018年2月15日，狗年除夕夜，BOO在未做任何运营推广的情况下进入美国App Store社交分类第6名
l  未来，我们的目标是打造全球最好的社交公司，连接和赋能全球下一代年轻人，让世界变得更美好
 
【关于创业生活】
我们实行弹性工作制，在这里，工作时间是由到的最早的思思和走的最晚的海哥决定的
在这里，只要能释放出能量，展现光彩
你会发现，你每天都过得高效充实。
 
我们拼命工作，放肆玩耍，
在这里，我们一起健身，一起high，一起挑战最极限，最炫酷的娱乐方式，
过山车、漂流、滑翔伞，狼人杀，只要你敢想，我们就敢做，
你会发现，除了工作，我们还有更多样的方式找到不一样的自己。
 
我们坚持全员持股，提倡团队扁平化，采取小团队工作制，
在这里，人人都可以大胆说出自己的想法，即使它听起来荒诞不经，天马行空，
你会发现，所有想法在这里都会被尊重，
所有的职级在创意面前都不值一提！
 
加入逆袭，加入Boo Family，
我们挑战最酷炫的产品，我们追求最快速度的财务自由
我们不仅要经营公司，还要一起改变世界！
Join us! Win big or go home!"
ObjectId(5cc57ff959547f5d5d36c358),纽扣软件,西安,15-50人,移动互联网,"西安纽扣软件科技有限公司于2015年1月30日成立于西安高新区，一直放眼海外，致力于研发出优秀的用户需要的好产品，是一个把产品做到极致的团队。现员工近50人，团队中坚力量均来自于著名外企，团队成员也多来自于北、上、广、沪、深，鄂等互联网发展迅速的城市。目前在移动开发及海外运营方面积累了丰富的经验。
    早在Apple发布iPhone第一代以及iOS SDK 1.0时（2008年）创始人便紧跟互联网步伐投身于App研发，第一款高效待办语音提醒产品一经上架就被App Store中国区推荐，截止目前旗下产品主要分为图像线产品和游戏线产品两个矩阵。
    公司成立至今，图像类产品深扎海外市场得到了诸多海外用户的认可，Mixoo、PicSee、Piczoo、Kaka Camera上线之后先后被App Store多区首页推荐，目前海外用户超7000+万、日活跃用户超600万+。
    三年成长，公司在实现自负盈亏的同时，又努力拓展研发领域，在以图像类产品为先导积累了大量用户群后，公司开始研发休闲益智类游戏产品，Voxel和Bixel两款游戏上线后便受到了用户喜爱。
    在未来，纽扣团队将继续钻心做好而精的App，深钻海内外市场，深入本地化研究；以图像线产品为依托发展丰富图像线矩阵，凝聚用户提升用户价值和产品品质；同时也将大力推进游戏线产品研发，迈出公司生态链的一大步。"
ObjectId(5cc57ffabfab19893b4f1ad3),Huatek,西安,150-500人,"电子商务,移动互联网","华泰软件（Huatek）是华泰太平洋集团投资控股公司。华泰太平洋集团投资控股上海华泰软件工程和西安华讯科技。华泰软件创立于1993年，初期由中国惠普有限公司、上海浦东软件园和中国惠普第一任总经理刘季宁博士共同投资和创立的企业。目前在美国硅谷、上海、西安、深圳和台北等地设有研发中心和运营机构。



 华泰软件专注于利用移动互联、大数据和物联网等创新技术， 在企业互联网化，商务电子化，供应链优化，渠道整合和大数据分析等领域，为中国、北美、欧洲和亚洲的500强企业和创新者提供服务。



 华泰软件连续多年被国家发展改革委员会、工业和信息化部、商务部和国家税务总局、上海市人民政府、上海市软件协会评定为国家“规划布局内重点软件企业”、全国“外商投资双优企业“、”外商投资产品出口企业”、“高新技术认定企业”和“上海明星软件企业”等荣誉称号。



华泰定位：企业互联网生态体系解决方案提供商。

华泰使命：科技引领未来，服务助力创新。"
ObjectId(5cc57ffabfab19893b4f1ad4),中国平安综合金融,西安,2000人以上,金融,500强企业，大平台
ObjectId(5cc57ffa59547f5d5d36c359),BOO!,西安,50-150人,"移动互联网,社交网络","我们是一群希望通过BOO改变世界的创业者！
 
【关于BOO】
BOO是我们从2016年开始打磨的一款社交产品，为全球下一代年轻人打造属于自己的社交平台，定义全球下一代年轻人的生活方式。目前BOO已经在欧美地区有超过两百万的青少年用户，随着产品功能的逐渐完善，及全球化的市场运营，这个数字每天都在扩大。
越来越多的年轻人可以通过BOO交到朋友、与朋友保持联系，并分享自己成长中的喜怒哀乐，更重要的是用户认同BOO中倡导的正向价值观，通过BOO的影响力，更多的全球用户愿意和我们一起让这个世界变得更美好！
 
【关于逆袭】
我们是一支渴望“逆袭”的创业团队，团队成员中很少有“明星公司”的背景，很少有辉煌令人咂舌的经历，大多数的团队成员只是心怀梦想的普通人，却在梦想的驱使下创造着一个又一个的奇迹。
l  2016年5月，BOO上线，快速上榜二十余个国家摄影与摄像榜单
l  2016年11月，用户数量突破百万，成功上榜多个海外国家App Store 、Google Play社交分类榜
l  2017年7月，获得一线投资机构千万美金A轮融资
l  2018年2月15日，狗年除夕夜，BOO在未做任何运营推广的情况下进入美国App Store社交分类第6名
l  未来，我们的目标是打造全球最好的社交公司，连接和赋能全球下一代年轻人，让世界变得更美好
 
【关于创业生活】
我们实行弹性工作制，在这里，工作时间是由到的最早的思思和走的最晚的海哥决定的
在这里，只要能释放出能量，展现光彩
你会发现，你每天都过得高效充实。
 
我们拼命工作，放肆玩耍，
在这里，我们一起健身，一起high，一起挑战最极限，最炫酷的娱乐方式，
过山车、漂流、滑翔伞，狼人杀，只要你敢想，我们就敢做，
你会发现，除了工作，我们还有更多样的方式找到不一样的自己。
 
我们坚持全员持股，提倡团队扁平化，采取小团队工作制，
在这里，人人都可以大胆说出自己的想法，即使它听起来荒诞不经，天马行空，
你会发现，所有想法在这里都会被尊重，
所有的职级在创意面前都不值一提！
 
加入逆袭，加入Boo Family，
我们挑战最酷炫的产品，我们追求最快速度的财务自由
我们不仅要经营公司，还要一起改变世界！
Join us! Win big or go home!"
ObjectId(5cc57ffb59547f5d5d36c35a),鼎迅科技,西安,15-50人,移动互联网 广告营销,"西安鼎迅网络信息科技有限公司（简称鼎迅科技）是一家主营移动互联网大数据精准营销、电信运营商短信增值服务的专业移动商务营销公司！

公司一直致力于为各个企事业单位、商业机构、营销团体，提供全媒体网络大数据精准营销的技术支持与服务！同时鼎迅科技公司也是中国移动、中国联通、中国电信的友好合作伙伴，在全国范围内向广大企业、商家提供短信平台业务。鼎迅科技拥有雄厚的全媒体资源及网络大数据信息资源的技术支持和强大的信息处理短信平台，系统稳定，技术强大，价格低廉，可为各企业和商家提供大数据营销服务，同时以优越的条件诚招各级代理运营商。"
ObjectId(5cc57ffb0acc36571deb2f2d),Huatek,西安,150-500人,"电子商务,移动互联网","华泰软件（Huatek）是华泰太平洋集团投资控股公司。华泰太平洋集团投资控股上海华泰软件工程和西安华讯科技。华泰软件创立于1993年，初期由中国惠普有限公司、上海浦东软件园和中国惠普第一任总经理刘季宁博士共同投资和创立的企业。目前在美国硅谷、上海、西安、深圳和台北等地设有研发中心和运营机构。



 华泰软件专注于利用移动互联、大数据和物联网等创新技术， 在企业互联网化，商务电子化，供应链优化，渠道整合和大数据分析等领域，为中国、北美、欧洲和亚洲的500强企业和创新者提供服务。



 华泰软件连续多年被国家发展改革委员会、工业和信息化部、商务部和国家税务总局、上海市人民政府、上海市软件协会评定为国家“规划布局内重点软件企业”、全国“外商投资双优企业“、”外商投资产品出口企业”、“高新技术认定企业”和“上海明星软件企业”等荣誉称号。



华泰定位：企业互联网生态体系解决方案提供商。

华泰使命：科技引领未来，服务助力创新。"
ObjectId(5cc57ffc59547f5d5d36c35b),纽扣软件,西安,15-50人,移动互联网,"西安纽扣软件科技有限公司于2015年1月30日成立于西安高新区，一直放眼海外，致力于研发出优秀的用户需要的好产品，是一个把产品做到极致的团队。现员工近50人，团队中坚力量均来自于著名外企，团队成员也多来自于北、上、广、沪、深，鄂等互联网发展迅速的城市。目前在移动开发及海外运营方面积累了丰富的经验。
    早在Apple发布iPhone第一代以及iOS SDK 1.0时（2008年）创始人便紧跟互联网步伐投身于App研发，第一款高效待办语音提醒产品一经上架就被App Store中国区推荐，截止目前旗下产品主要分为图像线产品和游戏线产品两个矩阵。
    公司成立至今，图像类产品深扎海外市场得到了诸多海外用户的认可，Mixoo、PicSee、Piczoo、Kaka Camera上线之后先后被App Store多区首页推荐，目前海外用户超7000+万、日活跃用户超600万+。
    三年成长，公司在实现自负盈亏的同时，又努力拓展研发领域，在以图像类产品为先导积累了大量用户群后，公司开始研发休闲益智类游戏产品，Voxel和Bixel两款游戏上线后便受到了用户喜爱。
    在未来，纽扣团队将继续钻心做好而精的App，深钻海内外市场，深入本地化研究；以图像线产品为依托发展丰富图像线矩阵，凝聚用户提升用户价值和产品品质；同时也将大力推进游戏线产品研发，迈出公司生态链的一大步。"
ObjectId(5cc57ffe59547f5d5d36c35c),宇信融汇,西安,50-150人,"电子商务,生活服务","西安融联网络科技有限公司（简称：融联网络），位于西安高新区科技四路209号三毅大厦东五层，公司成立于2011年1月。西安融联网络科技有限公司是一家专业从事互联网+行业金融科技服务的高新技术企业，是西安市和陕西省电子商务示范企业、陕西省互联网行业最具影响力品牌企业、陕西省十大电商品牌企业。
融联网络利用自己掌握的金融科技为银行服务，为银行聚集行业和商圈客户，为银行获客活客，帮助银行得到资金沉淀。融联网络是银行的伙伴。融联网络在线运营服务的行业有：社保、医院、教育（包括幼教）、交通、旅游、商圈、社区服务、水电气通讯等公共事业、党/工/团管理服务、公益及宗教服务等。
融联网络旗下核心产品“亿生活”电子商务平台，集益民服务平台、融联快付平台、资金清算平台和跨境直购平台等四大功能于一体，为用户提供全程、全网电子商务平台运营服务。
融联网络与人民银行、中国银联、建设银行、农业银行、中国银行、昆仑银行、廊坊银行、西安港务区等单位有着紧密的合作，拥有众多行业金融科技服务的成功案例。"
ObjectId(5cc57ffe59547f5d5d36c35d),知韬科技,西安,少于15人,"移动互联网,社交网络",西安知者得韬网络科技有限公司成立于 2017 年，目前正在紧锣密鼓开发面向行业内垂直 LBS 社交产品。我们是一个专业、热情的创业团队，希望您也同样专注、追求极致。我们始终认为有效率的工作最重要，因此我们坚持朝九晚五、周末双休。我们的公司在西安国际港务区，这地方偏了？没问题，早晚班车接送绝对让您省心省力。
ObjectId(5cc57fff0acc36571deb2f2e),纽扣软件,西安,15-50人,移动互联网,"西安纽扣软件科技有限公司于2015年1月30日成立于西安高新区，一直放眼海外，致力于研发出优秀的用户需要的好产品，是一个把产品做到极致的团队。现员工近50人，团队中坚力量均来自于著名外企，团队成员也多来自于北、上、广、沪、深，鄂等互联网发展迅速的城市。目前在移动开发及海外运营方面积累了丰富的经验。
    早在Apple发布iPhone第一代以及iOS SDK 1.0时（2008年）创始人便紧跟互联网步伐投身于App研发，第一款高效待办语音提醒产品一经上架就被App Store中国区推荐，截止目前旗下产品主要分为图像线产品和游戏线产品两个矩阵。
    公司成立至今，图像类产品深扎海外市场得到了诸多海外用户的认可，Mixoo、PicSee、Piczoo、Kaka Camera上线之后先后被App Store多区首页推荐，目前海外用户超7000+万、日活跃用户超600万+。
    三年成长，公司在实现自负盈亏的同时，又努力拓展研发领域，在以图像类产品为先导积累了大量用户群后，公司开始研发休闲益智类游戏产品，Voxel和Bixel两款游戏上线后便受到了用户喜爱。
    在未来，纽扣团队将继续钻心做好而精的App，深钻海内外市场，深入本地化研究；以图像线产品为依托发展丰富图像线矩阵，凝聚用户提升用户价值和产品品质；同时也将大力推进游戏线产品研发，迈出公司生态链的一大步。"
ObjectId(5cc580000acc36571deb2f2f),博智营销,西安,15-50人,"移动互联网,广告营销","西安博智营销是一家提供移动互联网及数字媒体领域全服务的企业营销策划有限公司。公司在移动互联网领域的业务发展上不断壮大，已经与太奥广场、群贤道九号、东方米兰国际城、仁和地产及中国联通、陕西广电等众多知名客户多次合作。我们通过对策略、创意、移动技术开发和行业发展的深度洞察，为客户提供专业、精准的微营销、策划和技术支持。我们提供新媒体运营、互动创意设计、微信H5小程序开发、VR/AR技术等全方位移动互联网领域营销服务。务实、创新是我们的服务理念，发展、共赢是我们的服务目标。
1.轻松和谐的工作氛围，良好的学习成长气氛，充实每一天，开 心工作每一天 2.公平的竞争机制，人性化弹性管理，让你自由无拘，处之自然。 3.每月都有活动，每年都有旅游，工作满一年，除法定节日外再送一周休息假期（公司提供一千元的旅游基金，想去哪里就去哪里，我们认为让你开阔眼界是我们的责任）。 4.一起跑步，坚持三个月就送NIKE 跑鞋。一起打球，一起看电影，一起K歌 5.工作满一年，13薪起，其它奖励另算。
应聘前，请大家看好公司地址，入职之后尽量家和公司之间地址不要超过1小时车程为好~ 路程太远了请不要考虑和投递了哈~"
ObjectId(5cc580010acc36571deb2f30),风火轮,西安,50-150人,"电子商务,移动互联网",西安风火轮电子商务有限公司是专注于为餐饮行业提供B2B互联网服务的初创公司，旨在利用互联网工具改造、升级和创新传统餐饮汗液参与者的经营及管理模式，借助互联网和大数据应用来提升行业盈利能力和经营管理水平。“柴伙邦”—— 风火轮自主开发的、为餐饮行业提供互联网服务的平台和工具。包括B2B第三方交易平台、人力资源平台、餐饮SaaS服务、供应链金融模块。
ObjectId(5cc580020acc36571deb2f31),鼎迅科技,西安,15-50人,移动互联网 广告营销,"西安鼎迅网络信息科技有限公司（简称鼎迅科技）是一家主营移动互联网大数据精准营销、电信运营商短信增值服务的专业移动商务营销公司！

公司一直致力于为各个企事业单位、商业机构、营销团体，提供全媒体网络大数据精准营销的技术支持与服务！同时鼎迅科技公司也是中国移动、中国联通、中国电信的友好合作伙伴，在全国范围内向广大企业、商家提供短信平台业务。鼎迅科技拥有雄厚的全媒体资源及网络大数据信息资源的技术支持和强大的信息处理短信平台，系统稳定，技术强大，价格低廉，可为各企业和商家提供大数据营销服务，同时以优越的条件诚招各级代理运营商。"
ObjectId(5cc58002277ec27d2a8184a4),八宝数字,西安,15-50人,"移动互联网,广告营销","痛恨打卡，痛恨无聊，痛恨画饼
一群热血的年轻人，组建了一个默契活儿好的团队
本着不改变世界但改变眼界的初心，做了一些有趣又有料的事情

有人说广告行业就是戴着镣铐起舞，可我们相信，只要你肯用心，镣铐也无法阻碍精彩发生
这群人信奉创意、信奉创意者、信奉创造、信奉创造者
他们是创意的疯子，脑洞的主人，也是专业的执行，客户的朋友

他们把所有关于创意的工作总结为优质内容的输出，无论是一次活动、一次推广、一次策略还是一篇文案，都是自己的作品，自己的孩子。


成立期间不乏客户爸爸的频频夸赞，也不乏一些你一定听过的案例和推广
但那一切都不重要
骄傲只在昨天
八宝有了你，明天才有无限可能


【加入我们，你将会在这里收获】
一群很酷的同事
两只傻萌傻萌的坏猫
几位目前还在单身的单身女青年
也许是西安本地最好的创意指导和审美提升
让你不跌面儿的薪资
你自己都没想到的福利
入职第一天的一份葫芦鸡
成就感"
ObjectId(5cc58003277ec27d2a8184a5),西安多麦电商,西安,50-150人,电子商务,"西安多麦软件科技有限公司简称多麦电商，成立于2015年，公司注册资金1000万，专注于淘宝、天猫及全网品牌的代运营以及营销推广的第三方服务商公司，致力于提供无线SEO自然搜索、无线店铺运营、直通车推广、钻展推广、视觉设计、电商培训等服务，为淘宝卖家保驾护航。
多麦电商作为全国首批研发无线运营的服务商。公司致力于提供无线SEO自然搜索、无线店铺运营、直通车优化、钻展优化等服务，依托专业的数据分析和5年运营经验的精英团队，专注于企业品牌与电子商务运营相结合的整体战略服务，竭力为客户提供具备真正有价值的电子商务外包整体解决方案。为品牌企业从传统的运营方式建立电子商务的营销模式，推广企业品牌，提高品牌知名度，提升品牌价值。企业愿景是将多麦打造成为西北最有价值的电商服务品牌！
多麦电商本着一切让电商更简单的宗旨，专心、专注、专业为客户服务的理念，以客户的认可和长期合作为荣誉。"
ObjectId(5cc58003b39bcf3c3ca7c044),BOO!,西安,50-150人,"移动互联网,社交网络","我们是一群希望通过BOO改变世界的创业者！
 
【关于BOO】
BOO是我们从2016年开始打磨的一款社交产品，为全球下一代年轻人打造属于自己的社交平台，定义全球下一代年轻人的生活方式。目前BOO已经在欧美地区有超过两百万的青少年用户，随着产品功能的逐渐完善，及全球化的市场运营，这个数字每天都在扩大。
越来越多的年轻人可以通过BOO交到朋友、与朋友保持联系，并分享自己成长中的喜怒哀乐，更重要的是用户认同BOO中倡导的正向价值观，通过BOO的影响力，更多的全球用户愿意和我们一起让这个世界变得更美好！
 
【关于逆袭】
我们是一支渴望“逆袭”的创业团队，团队成员中很少有“明星公司”的背景，很少有辉煌令人咂舌的经历，大多数的团队成员只是心怀梦想的普通人，却在梦想的驱使下创造着一个又一个的奇迹。
l  2016年5月，BOO上线，快速上榜二十余个国家摄影与摄像榜单
l  2016年11月，用户数量突破百万，成功上榜多个海外国家App Store 、Google Play社交分类榜
l  2017年7月，获得一线投资机构千万美金A轮融资
l  2018年2月15日，狗年除夕夜，BOO在未做任何运营推广的情况下进入美国App Store社交分类第6名
l  未来，我们的目标是打造全球最好的社交公司，连接和赋能全球下一代年轻人，让世界变得更美好
 
【关于创业生活】
我们实行弹性工作制，在这里，工作时间是由到的最早的思思和走的最晚的海哥决定的
在这里，只要能释放出能量，展现光彩
你会发现，你每天都过得高效充实。
 
我们拼命工作，放肆玩耍，
在这里，我们一起健身，一起high，一起挑战最极限，最炫酷的娱乐方式，
过山车、漂流、滑翔伞，狼人杀，只要你敢想，我们就敢做，
你会发现，除了工作，我们还有更多样的方式找到不一样的自己。
 
我们坚持全员持股，提倡团队扁平化，采取小团队工作制，
在这里，人人都可以大胆说出自己的想法，即使它听起来荒诞不经，天马行空，
你会发现，所有想法在这里都会被尊重，
所有的职级在创意面前都不值一提！
 
加入逆袭，加入Boo Family，
我们挑战最酷炫的产品，我们追求最快速度的财务自由
我们不仅要经营公司，还要一起改变世界！
Join us! Win big or go home!"
ObjectId(5cc58004277ec27d2a8184a6),宇信融汇,西安,50-150人,"电子商务,生活服务","西安融联网络科技有限公司（简称：融联网络），位于西安高新区科技四路209号三毅大厦东五层，公司成立于2011年1月。西安融联网络科技有限公司是一家专业从事互联网+行业金融科技服务的高新技术企业，是西安市和陕西省电子商务示范企业、陕西省互联网行业最具影响力品牌企业、陕西省十大电商品牌企业。
融联网络利用自己掌握的金融科技为银行服务，为银行聚集行业和商圈客户，为银行获客活客，帮助银行得到资金沉淀。融联网络是银行的伙伴。融联网络在线运营服务的行业有：社保、医院、教育（包括幼教）、交通、旅游、商圈、社区服务、水电气通讯等公共事业、党/工/团管理服务、公益及宗教服务等。
融联网络旗下核心产品“亿生活”电子商务平台，集益民服务平台、融联快付平台、资金清算平台和跨境直购平台等四大功能于一体，为用户提供全程、全网电子商务平台运营服务。
融联网络与人民银行、中国银联、建设银行、农业银行、中国银行、昆仑银行、廊坊银行、西安港务区等单位有着紧密的合作，拥有众多行业金融科技服务的成功案例。"
ObjectId(5cc58005b39bcf3c3ca7c045),贝业思,西安,15-50人,"数据服务,移动互联网","贝业思大数据服务有限公司（贝业思）, 由一群来自美国和中国的经济学家，软件工程师和市场策划专员于2016年成立。目前研发总部设于西安。贝业思业务定位于大数据应用行业。我们用数据技术从巨量繁杂的大数据中发现重要数据特征，然后用计量经济模型来识别导致这些特征的因果关系，最终用识别的因果关系来帮助企业制定战略决策，帮助政府评估及制定公共政策。我们与现有数据分析最大的不同在于：a. 分析模型扎根于严谨的经济学理论；b. 分析过程使用贝叶斯定理(公司名称来源于此)；c. 区别于其他公司的分析结果主要停留在统计分析，我们的分析结果对企业和政府有明确指导意义。 团队成员是贝业思最核心的资产。目前团队里有中美资深经济学家(在国际顶尖期刊发表过论文)，著名广告公司市场策划专员，海归经济学博士，软件工程师。贝业思奉行的价格观为Think Big, Act Big----敢于梦想，不懈追求。我们充分尊重团队成员的意见。以目标为导向，给团队成员最大的自由发挥空间。"
ObjectId(5cc58006277ec27d2a8184a7),中企动力,西安,2000人以上,"移动互联网,电子商务",中企动力科技股份有限公司成立于1999年，是香港联合交易所上市公司中国数码信息有限公司旗下的一家大型股份制高新技术企业集团。自成立以来，中企动力科技股份有限公司始终致力于为中国的成长型企业提供信息化服务，在国内开创了以运营模式实现企业信息化的先河。 基于对成长型企业的特点和其信息化需求的深刻理解，中企动力科技股份有限公司的“信息化运营”模式已成功为30余万家企业提供了全方位，多层面的信息化解决方案。 伴随着中国经济的蓬勃向前和企业信息化的推进，中企动力科技股份有限公司的发展极为迅速，现已在全国设立了80余家直属分支机构，员工总数逾8000人，拥有研发及运营工程师1200余人，成为规模庞大、实力雄厚的信息化运营商。 国际权威机构IDC报告显示，中企动力科技股份有限公司已连续六年获得中国IT外包服务市场本土企业第一名，与国际IT服务巨头IBM、HP共居中国IT外包服务市场前三位，并于2007年位列IT外包服务市场榜首，谱写了中国本土品牌奋斗、超越的精彩篇章。
ObjectId(5cc58007b39bcf3c3ca7c046),宇信融汇,西安,50-150人,"电子商务,生活服务","西安融联网络科技有限公司（简称：融联网络），位于西安高新区科技四路209号三毅大厦东五层，公司成立于2011年1月。西安融联网络科技有限公司是一家专业从事互联网+行业金融科技服务的高新技术企业，是西安市和陕西省电子商务示范企业、陕西省互联网行业最具影响力品牌企业、陕西省十大电商品牌企业。
融联网络利用自己掌握的金融科技为银行服务，为银行聚集行业和商圈客户，为银行获客活客，帮助银行得到资金沉淀。融联网络是银行的伙伴。融联网络在线运营服务的行业有：社保、医院、教育（包括幼教）、交通、旅游、商圈、社区服务、水电气通讯等公共事业、党/工/团管理服务、公益及宗教服务等。
融联网络旗下核心产品“亿生活”电子商务平台，集益民服务平台、融联快付平台、资金清算平台和跨境直购平台等四大功能于一体，为用户提供全程、全网电子商务平台运营服务。
融联网络与人民银行、中国银联、建设银行、农业银行、中国银行、昆仑银行、廊坊银行、西安港务区等单位有着紧密的合作，拥有众多行业金融科技服务的成功案例。"
ObjectId(5cc58006b61cfb1a7b888421),八宝数字,西安,15-50人,"移动互联网,广告营销","痛恨打卡，痛恨无聊，痛恨画饼
一群热血的年轻人，组建了一个默契活儿好的团队
本着不改变世界但改变眼界的初心，做了一些有趣又有料的事情

有人说广告行业就是戴着镣铐起舞，可我们相信，只要你肯用心，镣铐也无法阻碍精彩发生
这群人信奉创意、信奉创意者、信奉创造、信奉创造者
他们是创意的疯子，脑洞的主人，也是专业的执行，客户的朋友

他们把所有关于创意的工作总结为优质内容的输出，无论是一次活动、一次推广、一次策略还是一篇文案，都是自己的作品，自己的孩子。


成立期间不乏客户爸爸的频频夸赞，也不乏一些你一定听过的案例和推广
但那一切都不重要
骄傲只在昨天
八宝有了你，明天才有无限可能


【加入我们，你将会在这里收获】
一群很酷的同事
两只傻萌傻萌的坏猫
几位目前还在单身的单身女青年
也许是西安本地最好的创意指导和审美提升
让你不跌面儿的薪资
你自己都没想到的福利
入职第一天的一份葫芦鸡
成就感"
ObjectId(5cc58007277ec27d2a8184a8),中企动力,西安,2000人以上,"移动互联网,电子商务",中企动力科技股份有限公司成立于1999年，是香港联合交易所上市公司中国数码信息有限公司旗下的一家大型股份制高新技术企业集团。自成立以来，中企动力科技股份有限公司始终致力于为中国的成长型企业提供信息化服务，在国内开创了以运营模式实现企业信息化的先河。 基于对成长型企业的特点和其信息化需求的深刻理解，中企动力科技股份有限公司的“信息化运营”模式已成功为30余万家企业提供了全方位，多层面的信息化解决方案。 伴随着中国经济的蓬勃向前和企业信息化的推进，中企动力科技股份有限公司的发展极为迅速，现已在全国设立了80余家直属分支机构，员工总数逾8000人，拥有研发及运营工程师1200余人，成为规模庞大、实力雄厚的信息化运营商。 国际权威机构IDC报告显示，中企动力科技股份有限公司已连续六年获得中国IT外包服务市场本土企业第一名，与国际IT服务巨头IBM、HP共居中国IT外包服务市场前三位，并于2007年位列IT外包服务市场榜首，谱写了中国本土品牌奋斗、超越的精彩篇章。
ObjectId(5cc58008b61cfb1a7b888422),西安铂力特,西安,150-500人,其他,西安铂力特增材技术股份有限公司成立于2011年7月，是中国金属增材制造技术全套解决方案提供商。公司创始人西北工业大学黄卫东教授于1995年开始研究金属增材制造技术。铂力特公司注册资本6000万，业务范围覆盖金属3D打印服务、设备、原材料、工艺设计开发、软件、定制化产品等，构建了完整的金属3D打印产业链，目前已与中航工业、中国航发、航天科工、航天科技、中国商飞、中核集团、中船重工、中国石油、空军军医大学、空中客车、赛峰集团等多家国内外知名企业建立了长期合作关系。
ObjectId(5cc58008b39bcf3c3ca7c047),Apoggy,西安,15-50人,移动互联网,Apogyy是一家主要以海外移动APP开发、推广运营及海外移动互联网广告投放平台的技术创新型科技公司
ObjectId(5cc58008b61cfb1a7b888423),西安芊仁邦电子科技有限公司,西安,50-150人,"快消,零售贸易","西安芊仁邦电子科技有限公司隶属于香港创新国际集团（INNOVAGE），香港创新国际集团是一家集采购、研发、设计、生产、销售为一体的“一站式服务”全球供应商，中国运营总部坐落于南京市，创新国际始创于1997年，在近21年的发展中，相继成立了中国绿色健康食品进口部门，通讯智能科技部门和日用百货部门等一体化产业链；2009年创新集团进驻香港市场，成立香港创新国际品牌运营中心，迈出了集团海外扩张的重要一步，公司提倡以人为本，将人才的培养放在第一位，为创新未来的持续发展提供了稳固的保障。香港创新国际集团凭借其在行业30多年的威望在全球100多个国家及地区设立了庞大营销分公司网络，并且和世界知名大型商业零售企业的合作，例如：WAL-MART、K-MART、GIFT、TARGET……形成了强大的集团采购优势，为消费者提供价廉物美的产品。公司以多年的采购，国际营销经验，国际化的视野和服务意识，致力于为中国的客户打造出具有先进国际理念和服务，拓展更多创新精神的专业营销管理公司。
公司主要销售产品包括：日用百货的零售及批发、电子通讯、商务礼品、进口食品、儿童玩具、办公用品等十几种类别，拥有近万种不同产品，产品流通量大，市场前景广阔。
香港创新国际目前已在全国四十多个城市成立了120多家分公司，70多家直营店，有北京卡酷、天津芊仁邦、杭州蓝帽子、武汉盛恩泰、成都盛思源、厦门蓝帽子传媒、西安芊仁邦、上海沁丰贸易，武汉朗雅实业有限公司……

我们坚持给客户提供更好的品质，更好的价格，更好的服务；给员工提供好的工作环境，广阔的发展空间为使命。为拓展西部市场的需求，急需储备人才，特向社会公开诚聘有志之士加盟(有无经验者均可)如果你有创业的激情，足够自信，不甘于平凡，我们可以为你提供发展的平台；只要你有足够的实力，随时欢迎你的加入！"
ObjectId(5cc58008277ec27d2a8184a9),水良青争商贸有限公司,西安,50-150人,零售贸易、其他,"日用百货、服装服饰、鞋帽、皮革制品、玩具、洗涤用品、化妆品、摄影
器材、音响设备及器材、体有用品(除弓弩)、文化办公用品及耗材、工
艺品、橡胶制品、塑料制品、化工原料及产品及化学试剂(以上除易燃易
爆、危险及监控化学品、易制毒品)、家用电器、阀门、管道配件、电子
产品、通信设备、通讯器材、电线电缆、机电设备及配件、机械设备及配
件、计算机软硬件及配件、金属材料及制品(除专控)、仪器仪表、建筑等....."
ObjectId(5cc58009b39bcf3c3ca7c048),风火轮,西安,50-150人,"电子商务,移动互联网",西安风火轮电子商务有限公司是专注于为餐饮行业提供B2B互联网服务的初创公司，旨在利用互联网工具改造、升级和创新传统餐饮汗液参与者的经营及管理模式，借助互联网和大数据应用来提升行业盈利能力和经营管理水平。“柴伙邦”—— 风火轮自主开发的、为餐饮行业提供互联网服务的平台和工具。包括B2B第三方交易平台、人力资源平台、餐饮SaaS服务、供应链金融模块。
ObjectId(5cc5800ab61cfb1a7b888424),创典全程,西安,500-2000人,"企业服务,其他",创典全程地产机构于2000年8月创立于深圳，是中国首家运营型专业地产服务机构，其首创的项目运营型服务模式对中国地产业影响深远。公司业务聚焦咨询顾问、营销策划、销售代理、金融服务四大领域，经过十四年的稳健发展，现已成长为中国最具规模的专业房地产综合服务公司之一。 西安创典全程地产顾问股份有限公司隶属于创典全程地产机构，公司以代理销售为核心、以产品研发为先导、依托公司持续建设、不断成长的资源渠道平台和策划营销平台，在西安市场创造了诸多的成功案例，其突出的工作成果赢得了众多客户的真诚信任，与一批重点客户建立了长期战略伙伴合作关系。 “伙伴服务，专业解决”，作为一家发展18年的专业机构，创典全程以“为社会做出贡献”为企业使命，秉持“做专做久”之团队理念，以打造一流地产服务业品牌为目标，在波澜壮阔的中国经济大潮中，坚持不懈，奋勇向前，为中国的崛起做出自己的贡献。-----西安房地产代理龙头企业-----投资西安地产首选之专业咨询机构-----西北置业投资者第一大数据平台-----西北地产投资者金融服务平台-----合伙人制及骨干持股集体运营模式-----集体奋斗型组织的精进实践者
ObjectId(5cc5800bb61cfb1a7b888425),魔之方科技,西安,15-50人,"移动互联网,教育",西安魔之方网络科技有限公司是一家专注于互联网技术研发的高新技术企业。我们追求用户极致体验，主营业务涉及：APP研发、小程序开发、 系统软件研发、各种商城定制开发、互联网课程营销、互联网营销策划、新媒体运营、行业内培训授课等。公司拥有专业完善的技术研发和运营团队，为客户提供新媒体平台搭建、运营和技术支持，帮助企业实现客户管理、用户消费、客户大数据和用户社交的信息一体化服务，同时公司也是腾讯QQ智慧校园的技术服务商，我们希望通过科技推动企业发展，通过网络改变商业模式，让我们一起助力中国传统行业起飞。
ObjectId(5cc5800cb39bcf3c3ca7c049),蒜泥科技,西安,150-500人,"移动互联网,硬件","蒜泥科技拥有有一支来自国内外一流学府的精英团队，汇聚技术、产品、运营、商务、销售、市场等尖端人才。总部位于凤城十路99号，3000平米的办公场所绝对是你见过的最极客最开放的办公环境。
 
目前，蒜泥科技已由单个公司发展为蒜泥事业群，业务涉及科技、文化、教育等领域。
 
蒜泥电子科技，以自主研发的人体三维扫描仪为主要采集设备，旨在打造基于人工智能与三维技术的人体大数据分析平台。
 
MakerBeta，是盛产脑洞和黑科技的短视频内容盛产者，你可以在腾讯视频、今日头条、A站、B站的MakerBeta频道看到我们的脑洞发明。
 
蒜泥制造，致力于成为最牛叉的模型设计与加工制造服务中心，公司引进多台工业级3D打印机、德国高精度扫描仪，为客户提供从概念到原型的一站式3D打印服务。
 
蒜泥创客信息，专注于创客STEAM机器人教育的高科技教育企业，目前有5个校区和1个体验店，营业面积达3000余平米。
 
蒜泥互动，直播牛人锻造平台，开发奇葩脑洞的视频创意空间。公司打造百万级直播红人，发力主播经纪，同期输出高品质大制作的网络直播综艺节目。
 
改变从这里开始，蒜泥与您携手应变。"
ObjectId(5cc5800db61cfb1a7b888426),英卓,西安,50-150人,硬件、生活服务,号称住宿界“滴滴专车”的英卓未来公寓是国内首家全智能黑科技公寓式酒店，同时又被称作为智能家居界的“国美苏宁”。英卓以“未来生活”为主题，嵌入多品牌的智能家居，让用户从视觉、触觉、声觉等感官体验多维度感受智能住宿的趣味性以及便捷性。公寓室内设计极具时尚气息，整体格调为现代精简主义风格。柔软舒适的床上用品、高档精致的卫浴设施，可满足商务出差、度假旅游、好友聚会、情侣约会等多种需求。此外英卓专业的管家服务保障顾客7*24小时的入住服务。英卓未来公寓，温暖和科技并存的城市智能住宿空间！
ObjectId(5cc5800db39bcf3c3ca7c04a),车代鼠,西安,15-50人,"移动互联网,O2O",我们的团队由汽车服务行业领导者与互联网精英联合创立，专注于为汽车服务行业提供SAAS管理系统，融入互联网+的工作管理方式，提高企业核心竞争力和工作效率。同时开创汽车服务先河，为车主提供一键代办坐享式服务。我们是一支有信仰和梦想的团队，多位合伙人为了梦想联合创业，立志用科技改变服务，成为汽车服务行业领导者。
ObjectId(5cc5800eb61cfb1a7b888427),英卓,西安,50-150人,硬件、生活服务,号称住宿界“滴滴专车”的英卓未来公寓是国内首家全智能黑科技公寓式酒店，同时又被称作为智能家居界的“国美苏宁”。英卓以“未来生活”为主题，嵌入多品牌的智能家居，让用户从视觉、触觉、声觉等感官体验多维度感受智能住宿的趣味性以及便捷性。公寓室内设计极具时尚气息，整体格调为现代精简主义风格。柔软舒适的床上用品、高档精致的卫浴设施，可满足商务出差、度假旅游、好友聚会、情侣约会等多种需求。此外英卓专业的管家服务保障顾客7*24小时的入住服务。英卓未来公寓，温暖和科技并存的城市智能住宿空间！
ObjectId(5cc5800eb39bcf3c3ca7c04b),纽扣软件,西安,15-50人,移动互联网,"西安纽扣软件科技有限公司于2015年1月30日成立于西安高新区，一直放眼海外，致力于研发出优秀的用户需要的好产品，是一个把产品做到极致的团队。现员工近50人，团队中坚力量均来自于著名外企，团队成员也多来自于北、上、广、沪、深，鄂等互联网发展迅速的城市。目前在移动开发及海外运营方面积累了丰富的经验。
    早在Apple发布iPhone第一代以及iOS SDK 1.0时（2008年）创始人便紧跟互联网步伐投身于App研发，第一款高效待办语音提醒产品一经上架就被App Store中国区推荐，截止目前旗下产品主要分为图像线产品和游戏线产品两个矩阵。
    公司成立至今，图像类产品深扎海外市场得到了诸多海外用户的认可，Mixoo、PicSee、Piczoo、Kaka Camera上线之后先后被App Store多区首页推荐，目前海外用户超7000+万、日活跃用户超600万+。
    三年成长，公司在实现自负盈亏的同时，又努力拓展研发领域，在以图像类产品为先导积累了大量用户群后，公司开始研发休闲益智类游戏产品，Voxel和Bixel两款游戏上线后便受到了用户喜爱。
    在未来，纽扣团队将继续钻心做好而精的App，深钻海内外市场，深入本地化研究；以图像线产品为依托发展丰富图像线矩阵，凝聚用户提升用户价值和产品品质；同时也将大力推进游戏线产品研发，迈出公司生态链的一大步。"
ObjectId(5cc5800dad215db91913dbd1),互联网新兵！,西安,15-50人,"移动互联网,信息安全",诚邀IDC/ISP业务精英，互联网产品经理，网吧行业产品经理加盟。
ObjectId(5cc58010b39bcf3c3ca7c04c),Huatek,西安,150-500人,"电子商务,移动互联网","华泰软件（Huatek）是华泰太平洋集团投资控股公司。华泰太平洋集团投资控股上海华泰软件工程和西安华讯科技。华泰软件创立于1993年，初期由中国惠普有限公司、上海浦东软件园和中国惠普第一任总经理刘季宁博士共同投资和创立的企业。目前在美国硅谷、上海、西安、深圳和台北等地设有研发中心和运营机构。



 华泰软件专注于利用移动互联、大数据和物联网等创新技术， 在企业互联网化，商务电子化，供应链优化，渠道整合和大数据分析等领域，为中国、北美、欧洲和亚洲的500强企业和创新者提供服务。



 华泰软件连续多年被国家发展改革委员会、工业和信息化部、商务部和国家税务总局、上海市人民政府、上海市软件协会评定为国家“规划布局内重点软件企业”、全国“外商投资双优企业“、”外商投资产品出口企业”、“高新技术认定企业”和“上海明星软件企业”等荣誉称号。



华泰定位：企业互联网生态体系解决方案提供商。

华泰使命：科技引领未来，服务助力创新。"
ObjectId(5cc58010b61cfb1a7b888428),黑弗尼,西安,15-50人,"移动互联网,社交网络",
ObjectId(5cc580100c076dbb6bc9491b),舞梦依然摄影,西安,15-50人,文化娱乐,西安舞梦依然摄影工作室是一家专门提供内外景平面拍摄，包括婚纱摄影，个性写真的专业摄影工作室。拥有强大的摄影工作团队，是由有活力、时尚的年轻摄影师组成。专注于为您打造浪漫、温馨、时尚、个性、韩式、欧式、复古、新锐等风格的时尚大片，为你留下您美好记忆典藏！ 风格色调主要以清新，靓丽，温和等真实色调为主，倾力打造自然之美，为客户提供满意的服务。
ObjectId(5cc58011b61cfb1a7b888429),数美互动,西安,50-150人,"移动互联网,电子商务","我们是一家互联网广告创意团队，目前服务于国内一线品牌和互联网公司（招商银行，淘宝网、支付宝、阿里巴巴等），在西安，我们汇聚了西安本土最优秀的新媒体设计师和创意人，力求打造一支集视觉创意设计，网络互动广告以及移动互联网的新媒体创意团队.目前设计团队五十余人，团队设计作品被数英网，站酷等知名设计平台均有收录。
      西安数美互动隶属于杭州全速网络的西安分公司，想要了解更多，可登陆官网、官微： 
     官方微博: http://weibo.com/2438402280
     公司网站：http://www.fullspeed.cn/"
ObjectId(5cc58012b61cfb1a7b88842a),Huatek,西安,150-500人,"电子商务,移动互联网","华泰软件（Huatek）是华泰太平洋集团投资控股公司。华泰太平洋集团投资控股上海华泰软件工程和西安华讯科技。华泰软件创立于1993年，初期由中国惠普有限公司、上海浦东软件园和中国惠普第一任总经理刘季宁博士共同投资和创立的企业。目前在美国硅谷、上海、西安、深圳和台北等地设有研发中心和运营机构。



 华泰软件专注于利用移动互联、大数据和物联网等创新技术， 在企业互联网化，商务电子化，供应链优化，渠道整合和大数据分析等领域，为中国、北美、欧洲和亚洲的500强企业和创新者提供服务。



 华泰软件连续多年被国家发展改革委员会、工业和信息化部、商务部和国家税务总局、上海市人民政府、上海市软件协会评定为国家“规划布局内重点软件企业”、全国“外商投资双优企业“、”外商投资产品出口企业”、“高新技术认定企业”和“上海明星软件企业”等荣誉称号。



华泰定位：企业互联网生态体系解决方案提供商。

华泰使命：科技引领未来，服务助力创新。"
ObjectId(5cc580125c6387270cf327c5),八宝数字,西安,15-50人,"移动互联网,广告营销","痛恨打卡，痛恨无聊，痛恨画饼
一群热血的年轻人，组建了一个默契活儿好的团队
本着不改变世界但改变眼界的初心，做了一些有趣又有料的事情

有人说广告行业就是戴着镣铐起舞，可我们相信，只要你肯用心，镣铐也无法阻碍精彩发生
这群人信奉创意、信奉创意者、信奉创造、信奉创造者
他们是创意的疯子，脑洞的主人，也是专业的执行，客户的朋友

他们把所有关于创意的工作总结为优质内容的输出，无论是一次活动、一次推广、一次策略还是一篇文案，都是自己的作品，自己的孩子。


成立期间不乏客户爸爸的频频夸赞，也不乏一些你一定听过的案例和推广
但那一切都不重要
骄傲只在昨天
八宝有了你，明天才有无限可能


【加入我们，你将会在这里收获】
一群很酷的同事
两只傻萌傻萌的坏猫
几位目前还在单身的单身女青年
也许是西安本地最好的创意指导和审美提升
让你不跌面儿的薪资
你自己都没想到的福利
入职第一天的一份葫芦鸡
成就感"
ObjectId(5cc58014b61cfb1a7b88842b),Huatek,西安,150-500人,"电子商务,移动互联网","华泰软件（Huatek）是华泰太平洋集团投资控股公司。华泰太平洋集团投资控股上海华泰软件工程和西安华讯科技。华泰软件创立于1993年，初期由中国惠普有限公司、上海浦东软件园和中国惠普第一任总经理刘季宁博士共同投资和创立的企业。目前在美国硅谷、上海、西安、深圳和台北等地设有研发中心和运营机构。



 华泰软件专注于利用移动互联、大数据和物联网等创新技术， 在企业互联网化，商务电子化，供应链优化，渠道整合和大数据分析等领域，为中国、北美、欧洲和亚洲的500强企业和创新者提供服务。



 华泰软件连续多年被国家发展改革委员会、工业和信息化部、商务部和国家税务总局、上海市人民政府、上海市软件协会评定为国家“规划布局内重点软件企业”、全国“外商投资双优企业“、”外商投资产品出口企业”、“高新技术认定企业”和“上海明星软件企业”等荣誉称号。



华泰定位：企业互联网生态体系解决方案提供商。

华泰使命：科技引领未来，服务助力创新。"
ObjectId(5cc58014b61cfb1a7b88842c),兔肯证券,西安,15-50人,移动互联网、企业服务,基于区块链技术和通证经济打造的全球首款价值驱动的分布式场景游戏电商
ObjectId(5cc58016b61cfb1a7b88842d),陕西花之吻企业管理有限公司,西安,2000人以上,"医疗健康,生活服务","一、公司简介

1、花之吻（KISS FLOWERS）美容连锁集团是一家专业从事女子SPA会所连锁经营大型集团公司，于1995年，成立于香港，总部位于西安！拥有二百余家直营高端女子SPA会所，遍布于国内18个中心城市，员工近3000余人。花之吻是国际知名品牌，长期与韩国、日本、法国、瑞士等亚欧先进国家知名美容化妆品研究所合作，致力于研究人类健康、美容、女性内分泌等各方面的课题，2000年，花之吻先后与法国德芙莉皇家研究所、瑞士欧瑞颜健康研究所合作，相继开发了德芙莉系列专业院装产品以及欧瑞颜胶原蛋白系列产品，在国际美容院线享有极高评价。为顾客提供皮肤护理 美容美体服务，2、花之吻产业布局业内第一，长期与韩国、法国、泰国、德国、以色列等亚欧先进国家进行合作，医美部、光电部、抗衰部三大部门让顾客享受高、精、尖的国际护理，为顾客提供全方位健康美丽服务3、   花之吻经络养生全国第一，秦岭抗衰老山庄业内唯一，东奥生物科技研究不衰老的秘密。4、 花之吻先后与国际知名化妆品研究所宝洁公司和南开大学开发出9款面部功效套盒，6款身体功效套盒，7款养生功效套盒，5款口服功效套盒，2款居家客装套盒，13款居家客装护理单品，17款院装膏霜精油，功效显著。3大博士，8大硕士,50多位专业研发团队为您的身体和肌肤保驾护航5、花之吻热衷于社会公益事业，斥巨资在河北省赞皇县开办的花之吻希望小学，多年来已帮助数百名失学儿童重返校园二、企业发展三阶段第一阶段：打造五星级美容院，开创区域一流品牌（我们已经做到了）第二阶段：打造知名上市企业，开创国内一流品牌（我们目前在做的）第三阶段：打造行业百年老店，开创国际一流品牌（我们将来要做的）三、企业规模大医美部、光电部、抗衰部，三大养生部门为顾客提供全方位美丽、健康服务； 抗衰养生山庄为顾客提供（五星级酒店配置标准：豪华客房、总统套房、游泳池、足球场、会议室、酒窖，全五星级标准，管家式服务，私人订制，完美体现美业高、大、尚） 现公司旗下门店覆盖全国15个城市（全部直营店），全国美容会所已超百余家，总员工人数近3000人目前我们的产业布局发展在业内No.1."
ObjectId(5cc580175c6387270cf327c6),蒜泥科技,西安,150-500人,"移动互联网,硬件","蒜泥科技拥有有一支来自国内外一流学府的精英团队，汇聚技术、产品、运营、商务、销售、市场等尖端人才。总部位于凤城十路99号，3000平米的办公场所绝对是你见过的最极客最开放的办公环境。
 
目前，蒜泥科技已由单个公司发展为蒜泥事业群，业务涉及科技、文化、教育等领域。
 
蒜泥电子科技，以自主研发的人体三维扫描仪为主要采集设备，旨在打造基于人工智能与三维技术的人体大数据分析平台。
 
MakerBeta，是盛产脑洞和黑科技的短视频内容盛产者，你可以在腾讯视频、今日头条、A站、B站的MakerBeta频道看到我们的脑洞发明。
 
蒜泥制造，致力于成为最牛叉的模型设计与加工制造服务中心，公司引进多台工业级3D打印机、德国高精度扫描仪，为客户提供从概念到原型的一站式3D打印服务。
 
蒜泥创客信息，专注于创客STEAM机器人教育的高科技教育企业，目前有5个校区和1个体验店，营业面积达3000余平米。
 
蒜泥互动，直播牛人锻造平台，开发奇葩脑洞的视频创意空间。公司打造百万级直播红人，发力主播经纪，同期输出高品质大制作的网络直播综艺节目。
 
改变从这里开始，蒜泥与您携手应变。"
ObjectId(5cc580181621150d2ca522cc),Huatek,西安,150-500人,"电子商务,移动互联网","华泰软件（Huatek）是华泰太平洋集团投资控股公司。华泰太平洋集团投资控股上海华泰软件工程和西安华讯科技。华泰软件创立于1993年，初期由中国惠普有限公司、上海浦东软件园和中国惠普第一任总经理刘季宁博士共同投资和创立的企业。目前在美国硅谷、上海、西安、深圳和台北等地设有研发中心和运营机构。



 华泰软件专注于利用移动互联、大数据和物联网等创新技术， 在企业互联网化，商务电子化，供应链优化，渠道整合和大数据分析等领域，为中国、北美、欧洲和亚洲的500强企业和创新者提供服务。



 华泰软件连续多年被国家发展改革委员会、工业和信息化部、商务部和国家税务总局、上海市人民政府、上海市软件协会评定为国家“规划布局内重点软件企业”、全国“外商投资双优企业“、”外商投资产品出口企业”、“高新技术认定企业”和“上海明星软件企业”等荣誉称号。



华泰定位：企业互联网生态体系解决方案提供商。

华泰使命：科技引领未来，服务助力创新。"
ObjectId(5cc580190c076dbb6bc9491c),每日瑜伽,西安,50-150人,"移动互联网,文化娱乐","每日瑜伽——全球下载量第一的瑜伽健身和社交应用，我们致力于让健康成为每个人的生活方式，打造全球第一的瑜伽健康美业品牌。产品端iOS、Android、TV三端全面覆盖，并支持多语言版本，全球用户已超5000万，遍布全球212个国家，中国400+个城市。
 
2012年，我们完成从0到1的重要迈步，国内版与海外版面向全世界上线
2013年，我们崭露头角，“每日瑜伽”成为了众多瑜伽爱好者日常练习的首选应用
2014年，我们获得了用户与市场的认可，获得了Pre-A轮的千万级的投资
2015年，我们涉足O2O，为给用户提供线上线下的完整体验，获得了更多的用户青睐
2016年，我们将心注入，上线瑜伽装备商城，打造自主品牌，给用户提供更丰富的一站式采购服务
2017年，我们注册成功美联盟RYS学院，线下场馆开始运营，为用户提供体验场所
2018年，我们完成A轮的千万级融资，北京子公司成立，导师团队和内容体系仍不断升级，持续优化用户体验，传承更实用更专业的瑜伽文化
未来我们将寻求更大格局的突破和成长
 
我们坐标古城西安，战略布局全球
我们拥有一支充满朝气和创造力的团队
我们崇尚奋斗与实干，渴望创新
我们没有浮夸的语言，只有安静的决心
 
我们欢迎互联网行业志同道合的各路精英，用全新互联网思维打磨最具情怀的瑜伽应用产品。
每日瑜伽邀请你的加入，与优秀的伙伴并肩，用奋斗为梦想注解，用价值成就自我。"
ObjectId(5cc5801a1621150d2ca522cd),Apoggy,西安,15-50人,移动互联网,Apogyy是一家主要以海外移动APP开发、推广运营及海外移动互联网广告投放平台的技术创新型科技公司
ObjectId(5cc5801a5c6387270cf327c7),西安复华网络技术有限公司,西安,500-2000人,移动互联网 电子商务,"西安复华网络技术有限公司（以下简称复华）是一家专注于百度产品营销服务的新型科技企业，主要从事百度推广业务和互联网应用服务。经过多年潜心经营，已成为百度在西北地区优秀的合作伙伴。2003年9月，成为百度在陕西的总代理。2005年，荣获“2005年度特别贡献奖”，使企业插上了腾飞的双翅，迈入互联网搜索营销行列。
复华——西北搜索营销的开拓者和领导者。励精图治和不断向上是复华的宗旨。历经20年的蓬勃发展，企业规模发展已逐渐覆盖国内近二十六个地级市，已成为西北地区具有一定影响力的互联网服务企业。主要负责西北区域的百度业务，如：品牌专区、品牌华表、品牌起跑线、搜索推广、信息流、百意。在互联网已成为应用主流的今天，复华致力于成为西北互联网信息产业的一面旗帜，让更多的中小企业借助网络的力量，实现企业发展的腾飞。"
ObjectId(5cc5801a0c076dbb6bc9491d),创典全程,西安,500-2000人,"企业服务,其他",创典全程地产机构于2000年8月创立于深圳，是中国首家运营型专业地产服务机构，其首创的项目运营型服务模式对中国地产业影响深远。公司业务聚焦咨询顾问、营销策划、销售代理、金融服务四大领域，经过十四年的稳健发展，现已成长为中国最具规模的专业房地产综合服务公司之一。 西安创典全程地产顾问股份有限公司隶属于创典全程地产机构，公司以代理销售为核心、以产品研发为先导、依托公司持续建设、不断成长的资源渠道平台和策划营销平台，在西安市场创造了诸多的成功案例，其突出的工作成果赢得了众多客户的真诚信任，与一批重点客户建立了长期战略伙伴合作关系。 “伙伴服务，专业解决”，作为一家发展18年的专业机构，创典全程以“为社会做出贡献”为企业使命，秉持“做专做久”之团队理念，以打造一流地产服务业品牌为目标，在波澜壮阔的中国经济大潮中，坚持不懈，奋勇向前，为中国的崛起做出自己的贡献。-----西安房地产代理龙头企业-----投资西安地产首选之专业咨询机构-----西北置业投资者第一大数据平台-----西北地产投资者金融服务平台-----合伙人制及骨干持股集体运营模式-----集体奋斗型组织的精进实践者
ObjectId(5cc5801b2d10460d66672307),陕西花之吻企业管理有限公司,西安,2000人以上,"医疗健康,生活服务","一、公司简介

1、花之吻（KISS FLOWERS）美容连锁集团是一家专业从事女子SPA会所连锁经营大型集团公司，于1995年，成立于香港，总部位于西安！拥有二百余家直营高端女子SPA会所，遍布于国内18个中心城市，员工近3000余人。花之吻是国际知名品牌，长期与韩国、日本、法国、瑞士等亚欧先进国家知名美容化妆品研究所合作，致力于研究人类健康、美容、女性内分泌等各方面的课题，2000年，花之吻先后与法国德芙莉皇家研究所、瑞士欧瑞颜健康研究所合作，相继开发了德芙莉系列专业院装产品以及欧瑞颜胶原蛋白系列产品，在国际美容院线享有极高评价。为顾客提供皮肤护理 美容美体服务，2、花之吻产业布局业内第一，长期与韩国、法国、泰国、德国、以色列等亚欧先进国家进行合作，医美部、光电部、抗衰部三大部门让顾客享受高、精、尖的国际护理，为顾客提供全方位健康美丽服务3、   花之吻经络养生全国第一，秦岭抗衰老山庄业内唯一，东奥生物科技研究不衰老的秘密。4、 花之吻先后与国际知名化妆品研究所宝洁公司和南开大学开发出9款面部功效套盒，6款身体功效套盒，7款养生功效套盒，5款口服功效套盒，2款居家客装套盒，13款居家客装护理单品，17款院装膏霜精油，功效显著。3大博士，8大硕士,50多位专业研发团队为您的身体和肌肤保驾护航5、花之吻热衷于社会公益事业，斥巨资在河北省赞皇县开办的花之吻希望小学，多年来已帮助数百名失学儿童重返校园二、企业发展三阶段第一阶段：打造五星级美容院，开创区域一流品牌（我们已经做到了）第二阶段：打造知名上市企业，开创国内一流品牌（我们目前在做的）第三阶段：打造行业百年老店，开创国际一流品牌（我们将来要做的）三、企业规模大医美部、光电部、抗衰部，三大养生部门为顾客提供全方位美丽、健康服务； 抗衰养生山庄为顾客提供（五星级酒店配置标准：豪华客房、总统套房、游泳池、足球场、会议室、酒窖，全五星级标准，管家式服务，私人订制，完美体现美业高、大、尚） 现公司旗下门店覆盖全国15个城市（全部直营店），全国美容会所已超百余家，总员工人数近3000人目前我们的产业布局发展在业内No.1."
ObjectId(5cc5801e0c076dbb6bc9491e),Carolmobi,西安,15-50人,电子商务,西安美湾商务信息咨询有限公司成立于2017年5月，办公地址在陕西省西安市高新区，主要从事于服饰产品、家装产品、3C产品的跨境电子商务出口以及跨境电子商务平台的技术应用与服务。
ObjectId(5cc5801e5c6387270cf327c8),八宝数字,西安,15-50人,"移动互联网,广告营销","痛恨打卡，痛恨无聊，痛恨画饼
一群热血的年轻人，组建了一个默契活儿好的团队
本着不改变世界但改变眼界的初心，做了一些有趣又有料的事情

有人说广告行业就是戴着镣铐起舞，可我们相信，只要你肯用心，镣铐也无法阻碍精彩发生
这群人信奉创意、信奉创意者、信奉创造、信奉创造者
他们是创意的疯子，脑洞的主人，也是专业的执行，客户的朋友

他们把所有关于创意的工作总结为优质内容的输出，无论是一次活动、一次推广、一次策略还是一篇文案，都是自己的作品，自己的孩子。


成立期间不乏客户爸爸的频频夸赞，也不乏一些你一定听过的案例和推广
但那一切都不重要
骄傲只在昨天
八宝有了你，明天才有无限可能


【加入我们，你将会在这里收获】
一群很酷的同事
两只傻萌傻萌的坏猫
几位目前还在单身的单身女青年
也许是西安本地最好的创意指导和审美提升
让你不跌面儿的薪资
你自己都没想到的福利
入职第一天的一份葫芦鸡
成就感"
ObjectId(5cc5801e0c076dbb6bc9491f),西安领跑,西安,50-150人,"移动互联网,O2O","唐兴数码大厦，并在新疆省霍尔果斯市设有全资子公司。 

领跑传媒长期以来专注于互联网广告场景营销业务，致力于为客户提供专业、优质、精准的互联网广告场景营销服务,目前凭借SCADP智能云广告平台、领跑新媒体平台、领跑网吧联盟平台，公司已经成长为专业从事互联网传媒资源全网整合的高科技企业,是国内互联网传媒资源全网整合的领跑者。

公司自成立以来，先后为百度、360、搜狗、搜狐、金山、淘宝、二三四五、网易有道等互联网入口级服务商，以及58同城、37wan、91wan、4399、9377等国内知名网络服务商提供专业的互联网广告场景营销服务，是国内提供互联网广告场景营销服务的领先企业。

领跑传媒从２０１４年涉足移动互联网业务，目前已经通过了双软认证，并获得了陕西省高新技术企业认定，陕西省和西安市民营科技企业认定，获得自主知识产权的软著１０余项。

２０１７年年初，领跑传媒发挥本地人才和文化优势，在自媒体文化领域有了新的突破，推出了《认真穿搭》、《每天居家小妙招》、《美女编发录》、《情商书院》、《十点半听》等系列公众号，获得了广泛关注，粉丝数量持续攀升，目前已逾２００万，预计本年末将达到５００万粉丝。

经过九年的发展，领跑团队逐渐的形成了团队合作、拥抱变化、充分敬业而又不失活力的标志性风格。成为一家伟大的互联网企业 ,是我们企业的愿景，领跑团队为此而不懈努力。欢迎加入我们，让我们一起成就梦想！"
ObjectId(5cc5801f0c076dbb6bc94920),丰迈电商,西安,150-500人,"移动互联网,电子商务",陕西丰迈网络科技有限公司成立于2013年，公司总部位于陕西省西安市高新区金融圈与商务圈的交汇地带——泰华·金贸国际，分部位于银河新坐标。公司创始人以及核心骨干员工均有九年以上淘宝运营实战经验，直通车托管、数据分析、店铺代运营与店铺装修为主营业务，可以较快的为掌柜提供专业托管解决方案。        丰迈电商成立以来服务客户总数过万，遍布全国，实现了一站式运营服务，是首家以陕西省省级AMP资质入驻的淘宝第三方运营服务商，同时获得2017年度阿里妈妈金服奖—标杆服务奖。
ObjectId(5cc5801f2d10460d66672308),陕西花之吻企业管理有限公司,西安,2000人以上,"医疗健康,生活服务","一、公司简介

1、花之吻（KISS FLOWERS）美容连锁集团是一家专业从事女子SPA会所连锁经营大型集团公司，于1995年，成立于香港，总部位于西安！拥有二百余家直营高端女子SPA会所，遍布于国内18个中心城市，员工近3000余人。花之吻是国际知名品牌，长期与韩国、日本、法国、瑞士等亚欧先进国家知名美容化妆品研究所合作，致力于研究人类健康、美容、女性内分泌等各方面的课题，2000年，花之吻先后与法国德芙莉皇家研究所、瑞士欧瑞颜健康研究所合作，相继开发了德芙莉系列专业院装产品以及欧瑞颜胶原蛋白系列产品，在国际美容院线享有极高评价。为顾客提供皮肤护理 美容美体服务，2、花之吻产业布局业内第一，长期与韩国、法国、泰国、德国、以色列等亚欧先进国家进行合作，医美部、光电部、抗衰部三大部门让顾客享受高、精、尖的国际护理，为顾客提供全方位健康美丽服务3、   花之吻经络养生全国第一，秦岭抗衰老山庄业内唯一，东奥生物科技研究不衰老的秘密。4、 花之吻先后与国际知名化妆品研究所宝洁公司和南开大学开发出9款面部功效套盒，6款身体功效套盒，7款养生功效套盒，5款口服功效套盒，2款居家客装套盒，13款居家客装护理单品，17款院装膏霜精油，功效显著。3大博士，8大硕士,50多位专业研发团队为您的身体和肌肤保驾护航5、花之吻热衷于社会公益事业，斥巨资在河北省赞皇县开办的花之吻希望小学，多年来已帮助数百名失学儿童重返校园二、企业发展三阶段第一阶段：打造五星级美容院，开创区域一流品牌（我们已经做到了）第二阶段：打造知名上市企业，开创国内一流品牌（我们目前在做的）第三阶段：打造行业百年老店，开创国际一流品牌（我们将来要做的）三、企业规模大医美部、光电部、抗衰部，三大养生部门为顾客提供全方位美丽、健康服务； 抗衰养生山庄为顾客提供（五星级酒店配置标准：豪华客房、总统套房、游泳池、足球场、会议室、酒窖，全五星级标准，管家式服务，私人订制，完美体现美业高、大、尚） 现公司旗下门店覆盖全国15个城市（全部直营店），全国美容会所已超百余家，总员工人数近3000人目前我们的产业布局发展在业内No.1."
ObjectId(5cc5801f2d10460d66672309),水良青争商贸有限公司,西安,50-150人,零售贸易、其他,"日用百货、服装服饰、鞋帽、皮革制品、玩具、洗涤用品、化妆品、摄影
器材、音响设备及器材、体有用品(除弓弩)、文化办公用品及耗材、工
艺品、橡胶制品、塑料制品、化工原料及产品及化学试剂(以上除易燃易
爆、危险及监控化学品、易制毒品)、家用电器、阀门、管道配件、电子
产品、通信设备、通讯器材、电线电缆、机电设备及配件、机械设备及配
件、计算机软硬件及配件、金属材料及制品(除专控)、仪器仪表、建筑等....."
ObjectId(5cc5801ed55f4577e62eb824),风火轮,西安,50-150人,"电子商务,移动互联网",西安风火轮电子商务有限公司是专注于为餐饮行业提供B2B互联网服务的初创公司，旨在利用互联网工具改造、升级和创新传统餐饮汗液参与者的经营及管理模式，借助互联网和大数据应用来提升行业盈利能力和经营管理水平。“柴伙邦”—— 风火轮自主开发的、为餐饮行业提供互联网服务的平台和工具。包括B2B第三方交易平台、人力资源平台、餐饮SaaS服务、供应链金融模块。
ObjectId(5cc580212d10460d6667230a),英卓,西安,50-150人,硬件、生活服务,号称住宿界“滴滴专车”的英卓未来公寓是国内首家全智能黑科技公寓式酒店，同时又被称作为智能家居界的“国美苏宁”。英卓以“未来生活”为主题，嵌入多品牌的智能家居，让用户从视觉、触觉、声觉等感官体验多维度感受智能住宿的趣味性以及便捷性。公寓室内设计极具时尚气息，整体格调为现代精简主义风格。柔软舒适的床上用品、高档精致的卫浴设施，可满足商务出差、度假旅游、好友聚会、情侣约会等多种需求。此外英卓专业的管家服务保障顾客7*24小时的入住服务。英卓未来公寓，温暖和科技并存的城市智能住宿空间！
ObjectId(5cc580210c076dbb6bc94921),数美互动,西安,50-150人,"移动互联网,电子商务","我们是一家互联网广告创意团队，目前服务于国内一线品牌和互联网公司（招商银行，淘宝网、支付宝、阿里巴巴等），在西安，我们汇聚了西安本土最优秀的新媒体设计师和创意人，力求打造一支集视觉创意设计，网络互动广告以及移动互联网的新媒体创意团队.目前设计团队五十余人，团队设计作品被数英网，站酷等知名设计平台均有收录。
      西安数美互动隶属于杭州全速网络的西安分公司，想要了解更多，可登陆官网、官微： 
     官方微博: http://weibo.com/2438402280
     公司网站：http://www.fullspeed.cn/"
ObjectId(5cc580210c076dbb6bc94922),西安京云科技有限公司,西安,15-50人,"企业服务,其他","一、公司概述                                                                      
京东云创新空间（西安莲湖）是由莲湖区政府、京东集团及西安京云科技有限公司共同打造，是京东集团在创新创业领域的核心布局之一，同时也是莲湖区重点项目之一。空间聚焦于互联网+、大数据、先进制造及前沿科技等产业领域的中早期项目的孵化和投资。空间运营充分发挥京东在互联网产业及技术方面的优势、莲湖区政府在创新创业方面的政策支持、以及京云科技在孵化器运营及投资方面的专业特长，通过“平台+智库+资本”的方式，打造高效、专业的孵化空间。
二、公司定位
专业的孵化器运营管家
三、公司文化
使命——让优秀者更卓越  
价值观——以客户为中心，以人为本，共同奋斗
slogan——  I'm Spacer

我们崇尚简单诚实做人、踏实走心做事、扁平沟通与工作的理念，我们推崇快乐、学习和享受为一体的工作氛围，团队云集了在市场一线打拼的名企高管、互联网独角兽公司运营经理、外企精英、策划多场市场活动并引发现象级传播的媒介大咖。我们不论出身、只要你有梦想、敢担当、善执行，我们愿意为您提供一个能将梦想落地的潜力平台，欢迎各位志同道合者的加入！"
ObjectId(5cc58021d55f4577e62eb825),每日瑜伽,西安,50-150人,"移动互联网,文化娱乐","每日瑜伽——全球下载量第一的瑜伽健身和社交应用，我们致力于让健康成为每个人的生活方式，打造全球第一的瑜伽健康美业品牌。产品端iOS、Android、TV三端全面覆盖，并支持多语言版本，全球用户已超5000万，遍布全球212个国家，中国400+个城市。
 
2012年，我们完成从0到1的重要迈步，国内版与海外版面向全世界上线
2013年，我们崭露头角，“每日瑜伽”成为了众多瑜伽爱好者日常练习的首选应用
2014年，我们获得了用户与市场的认可，获得了Pre-A轮的千万级的投资
2015年，我们涉足O2O，为给用户提供线上线下的完整体验，获得了更多的用户青睐
2016年，我们将心注入，上线瑜伽装备商城，打造自主品牌，给用户提供更丰富的一站式采购服务
2017年，我们注册成功美联盟RYS学院，线下场馆开始运营，为用户提供体验场所
2018年，我们完成A轮的千万级融资，北京子公司成立，导师团队和内容体系仍不断升级，持续优化用户体验，传承更实用更专业的瑜伽文化
未来我们将寻求更大格局的突破和成长
 
我们坐标古城西安，战略布局全球
我们拥有一支充满朝气和创造力的团队
我们崇尚奋斗与实干，渴望创新
我们没有浮夸的语言，只有安静的决心
 
我们欢迎互联网行业志同道合的各路精英，用全新互联网思维打磨最具情怀的瑜伽应用产品。
每日瑜伽邀请你的加入，与优秀的伙伴并肩，用奋斗为梦想注解，用价值成就自我。"
ObjectId(5cc580220c076dbb6bc94923),Apoggy,西安,15-50人,移动互联网,Apogyy是一家主要以海外移动APP开发、推广运营及海外移动互联网广告投放平台的技术创新型科技公司
ObjectId(5cc580222d10460d6667230b),创典全程,西安,500-2000人,"企业服务,其他",创典全程地产机构于2000年8月创立于深圳，是中国首家运营型专业地产服务机构，其首创的项目运营型服务模式对中国地产业影响深远。公司业务聚焦咨询顾问、营销策划、销售代理、金融服务四大领域，经过十四年的稳健发展，现已成长为中国最具规模的专业房地产综合服务公司之一。 西安创典全程地产顾问股份有限公司隶属于创典全程地产机构，公司以代理销售为核心、以产品研发为先导、依托公司持续建设、不断成长的资源渠道平台和策划营销平台，在西安市场创造了诸多的成功案例，其突出的工作成果赢得了众多客户的真诚信任，与一批重点客户建立了长期战略伙伴合作关系。 “伙伴服务，专业解决”，作为一家发展18年的专业机构，创典全程以“为社会做出贡献”为企业使命，秉持“做专做久”之团队理念，以打造一流地产服务业品牌为目标，在波澜壮阔的中国经济大潮中，坚持不懈，奋勇向前，为中国的崛起做出自己的贡献。-----西安房地产代理龙头企业-----投资西安地产首选之专业咨询机构-----西北置业投资者第一大数据平台-----西北地产投资者金融服务平台-----合伙人制及骨干持股集体运营模式-----集体奋斗型组织的精进实践者
ObjectId(5cc58022d55f4577e62eb826),宇信融汇,西安,50-150人,"电子商务,生活服务","西安融联网络科技有限公司（简称：融联网络），位于西安高新区科技四路209号三毅大厦东五层，公司成立于2011年1月。西安融联网络科技有限公司是一家专业从事互联网+行业金融科技服务的高新技术企业，是西安市和陕西省电子商务示范企业、陕西省互联网行业最具影响力品牌企业、陕西省十大电商品牌企业。
融联网络利用自己掌握的金融科技为银行服务，为银行聚集行业和商圈客户，为银行获客活客，帮助银行得到资金沉淀。融联网络是银行的伙伴。融联网络在线运营服务的行业有：社保、医院、教育（包括幼教）、交通、旅游、商圈、社区服务、水电气通讯等公共事业、党/工/团管理服务、公益及宗教服务等。
融联网络旗下核心产品“亿生活”电子商务平台，集益民服务平台、融联快付平台、资金清算平台和跨境直购平台等四大功能于一体，为用户提供全程、全网电子商务平台运营服务。
融联网络与人民银行、中国银联、建设银行、农业银行、中国银行、昆仑银行、廊坊银行、西安港务区等单位有着紧密的合作，拥有众多行业金融科技服务的成功案例。"
ObjectId(5cc580222d10460d6667230c),青豆科技,西安,15-50人,移动互联网、游戏,"受到家庭的信赖
受照顾者的喜爱"
ObjectId(5cc580230c076dbb6bc94924),京兆优品道,西安,2000人以上,企业服务,"作为智慧城市与产业互联网建设的领导者，创新型技术服务提供商。软通动力立足中国，服务全球。公司主营业务涵盖智慧业务与信息服务两大领域，具备端到端“软件 服务”综合业务能力和强大的纵深服务优势。
在智慧业务领域，软通动力秉承“智慧城市建设产业先行”的理念，先后在全国20余个城市展开了“智慧城市”战略布局，业务范围包括顶层设计、城市治理、产业应用、环保节能、民生服务以及基础设施等多个方向
过去，软通动力深刻理解客户需求，是企业盈利和成长的***合作伙伴；今天，软通动力充分把握时代的机遇与挑战，借助云计算、移动互联、大数据等新兴技术手段，推动传统产业转型升级，助力产城融合；未来，软通动力将不懈努力，以创新思维和领先技术，为客户创造可持续的价值。
软通动力于2001年创立，全球总部设于北京，在全球设有38个分支机构，28个交付中心。员工总数超过21000人，服务数百家中国及海外客户。"
ObjectId(5cc580250c076dbb6bc94925),西安领跑,西安,50-150人,"移动互联网,O2O","唐兴数码大厦，并在新疆省霍尔果斯市设有全资子公司。 

领跑传媒长期以来专注于互联网广告场景营销业务，致力于为客户提供专业、优质、精准的互联网广告场景营销服务,目前凭借SCADP智能云广告平台、领跑新媒体平台、领跑网吧联盟平台，公司已经成长为专业从事互联网传媒资源全网整合的高科技企业,是国内互联网传媒资源全网整合的领跑者。

公司自成立以来，先后为百度、360、搜狗、搜狐、金山、淘宝、二三四五、网易有道等互联网入口级服务商，以及58同城、37wan、91wan、4399、9377等国内知名网络服务商提供专业的互联网广告场景营销服务，是国内提供互联网广告场景营销服务的领先企业。

领跑传媒从２０１４年涉足移动互联网业务，目前已经通过了双软认证，并获得了陕西省高新技术企业认定，陕西省和西安市民营科技企业认定，获得自主知识产权的软著１０余项。

２０１７年年初，领跑传媒发挥本地人才和文化优势，在自媒体文化领域有了新的突破，推出了《认真穿搭》、《每天居家小妙招》、《美女编发录》、《情商书院》、《十点半听》等系列公众号，获得了广泛关注，粉丝数量持续攀升，目前已逾２００万，预计本年末将达到５００万粉丝。

经过九年的发展，领跑团队逐渐的形成了团队合作、拥抱变化、充分敬业而又不失活力的标志性风格。成为一家伟大的互联网企业 ,是我们企业的愿景，领跑团队为此而不懈努力。欢迎加入我们，让我们一起成就梦想！"
ObjectId(5cc580260c076dbb6bc94926),西安京云科技有限公司,西安,15-50人,"企业服务,其他","一、公司概述                                                                      
京东云创新空间（西安莲湖）是由莲湖区政府、京东集团及西安京云科技有限公司共同打造，是京东集团在创新创业领域的核心布局之一，同时也是莲湖区重点项目之一。空间聚焦于互联网+、大数据、先进制造及前沿科技等产业领域的中早期项目的孵化和投资。空间运营充分发挥京东在互联网产业及技术方面的优势、莲湖区政府在创新创业方面的政策支持、以及京云科技在孵化器运营及投资方面的专业特长，通过“平台+智库+资本”的方式，打造高效、专业的孵化空间。
二、公司定位
专业的孵化器运营管家
三、公司文化
使命——让优秀者更卓越  
价值观——以客户为中心，以人为本，共同奋斗
slogan——  I'm Spacer

我们崇尚简单诚实做人、踏实走心做事、扁平沟通与工作的理念，我们推崇快乐、学习和享受为一体的工作氛围，团队云集了在市场一线打拼的名企高管、互联网独角兽公司运营经理、外企精英、策划多场市场活动并引发现象级传播的媒介大咖。我们不论出身、只要你有梦想、敢担当、善执行，我们愿意为您提供一个能将梦想落地的潜力平台，欢迎各位志同道合者的加入！"
ObjectId(5cc58026fca915a6b62f2b14),陕西金创,西安,15-50人,招聘,金创集团通过“HUMANPOOL”品牌提供劳务派遣、制造承包等人力资源管理外包服务，通过“波乐”品牌提供呼叫中心人力资源方案解决，劳务派遣，岗位外包，公司西安分公司主要负责京东、顺丰等知名企业人才供应，同时为苏州总部提供实习生，寒暑假工招聘，通过“BlueKu”品牌实现人力资源开发服务。此外，金创集团还拥有长三角民间专业人力资源研究机构，总部位于苏州，金创集团立足苏州放眼全国，已累计为200多家国内外优质企业提供了专业的人力资源服务，输送优秀蓝领工人近10万人次，在苏州、西安、常州、等3个城市建立起子公司，，发展成为华东地区最有前景的专业人力资源方案解决商。作为中国人力资源行业的继承者和革新者，金创集团始终坚持以不断改善的专业服务和量身定做的解决方案，为客户创造更多价值；坚持“不仅提供一份工作”，更为全体金创人“提供一份崭新的生活”；坚持不断研究实践行业领先的商业模式，提升品牌。
ObjectId(5cc580275d223263d58cb711),丰迈电商,西安,150-500人,"移动互联网,电子商务",陕西丰迈网络科技有限公司成立于2013年，公司总部位于陕西省西安市高新区金融圈与商务圈的交汇地带——泰华·金贸国际，分部位于银河新坐标。公司创始人以及核心骨干员工均有九年以上淘宝运营实战经验，直通车托管、数据分析、店铺代运营与店铺装修为主营业务，可以较快的为掌柜提供专业托管解决方案。        丰迈电商成立以来服务客户总数过万，遍布全国，实现了一站式运营服务，是首家以陕西省省级AMP资质入驻的淘宝第三方运营服务商，同时获得2017年度阿里妈妈金服奖—标杆服务奖。
ObjectId(5cc580275d223263d58cb712),数美互动,西安,50-150人,"移动互联网,电子商务","我们是一家互联网广告创意团队，目前服务于国内一线品牌和互联网公司（招商银行，淘宝网、支付宝、阿里巴巴等），在西安，我们汇聚了西安本土最优秀的新媒体设计师和创意人，力求打造一支集视觉创意设计，网络互动广告以及移动互联网的新媒体创意团队.目前设计团队五十余人，团队设计作品被数英网，站酷等知名设计平台均有收录。
      西安数美互动隶属于杭州全速网络的西安分公司，想要了解更多，可登陆官网、官微： 
     官方微博: http://weibo.com/2438402280
     公司网站：http://www.fullspeed.cn/"
ObjectId(5cc580270c076dbb6bc94927),车代鼠,西安,15-50人,"移动互联网,O2O",我们的团队由汽车服务行业领导者与互联网精英联合创立，专注于为汽车服务行业提供SAAS管理系统，融入互联网+的工作管理方式，提高企业核心竞争力和工作效率。同时开创汽车服务先河，为车主提供一键代办坐享式服务。我们是一支有信仰和梦想的团队，多位合伙人为了梦想联合创业，立志用科技改变服务，成为汽车服务行业领导者。
ObjectId(5cc580295d223263d58cb713),西安京云科技有限公司,西安,15-50人,"企业服务,其他","一、公司概述                                                                      
京东云创新空间（西安莲湖）是由莲湖区政府、京东集团及西安京云科技有限公司共同打造，是京东集团在创新创业领域的核心布局之一，同时也是莲湖区重点项目之一。空间聚焦于互联网+、大数据、先进制造及前沿科技等产业领域的中早期项目的孵化和投资。空间运营充分发挥京东在互联网产业及技术方面的优势、莲湖区政府在创新创业方面的政策支持、以及京云科技在孵化器运营及投资方面的专业特长，通过“平台+智库+资本”的方式，打造高效、专业的孵化空间。
二、公司定位
专业的孵化器运营管家
三、公司文化
使命——让优秀者更卓越  
价值观——以客户为中心，以人为本，共同奋斗
slogan——  I'm Spacer

我们崇尚简单诚实做人、踏实走心做事、扁平沟通与工作的理念，我们推崇快乐、学习和享受为一体的工作氛围，团队云集了在市场一线打拼的名企高管、互联网独角兽公司运营经理、外企精英、策划多场市场活动并引发现象级传播的媒介大咖。我们不论出身、只要你有梦想、敢担当、善执行，我们愿意为您提供一个能将梦想落地的潜力平台，欢迎各位志同道合者的加入！"
ObjectId(5cc580295d223263d58cb714),海蓝环保,西安,50-150人,"企业服务,其他","陕西海蓝环保科技有限公司，是一家进行全方位环保技术咨询服务的综合性企业。公司以环境技术咨询和环保工程设计、施工为业务主导，全方位、多领域开展工程咨询、环境影响评价、排污许可量核定报告、环保规划、清节生产、环境监理、水土保持、生态修复、环保工程设计及施工、污染设施运营等业务。
 我公司现有各类技术人员48人，其中注册环评工程师12人、清洁生产审核工程师11人、环境监理上岗证8人、注册咨询工程师5人，其他各类专业工程师15人。形成了一支专业齐全、经验丰富、用于开拓的高素质人才队伍，为公司的整体良性发展提供了坚实的保障。
 海蓝环保以改善人们生活的环境质量为企业的首要社会责任，坚持以人为本、技术领先、产品优质、服务高效的宗旨，不断改革技术，拓展业务，为客户提供优质的“一站式”环保服务。"
ObjectId(5cc580311d59cac993e99382),西安鹏飞影视文化传媒有限公司,西安,15-50人,文化娱乐,
ObjectId(5cc580311d59cac993e99383),互联网新兵！,西安,15-50人,"移动互联网,信息安全",诚邀IDC/ISP业务精英，互联网产品经理，网吧行业产品经理加盟。
ObjectId(5cc580331d59cac993e99384),每日瑜伽,西安,50-150人,"移动互联网,文化娱乐","每日瑜伽——全球下载量第一的瑜伽健身和社交应用，我们致力于让健康成为每个人的生活方式，打造全球第一的瑜伽健康美业品牌。产品端iOS、Android、TV三端全面覆盖，并支持多语言版本，全球用户已超5000万，遍布全球212个国家，中国400+个城市。
 
2012年，我们完成从0到1的重要迈步，国内版与海外版面向全世界上线
2013年，我们崭露头角，“每日瑜伽”成为了众多瑜伽爱好者日常练习的首选应用
2014年，我们获得了用户与市场的认可，获得了Pre-A轮的千万级的投资
2015年，我们涉足O2O，为给用户提供线上线下的完整体验，获得了更多的用户青睐
2016年，我们将心注入，上线瑜伽装备商城，打造自主品牌，给用户提供更丰富的一站式采购服务
2017年，我们注册成功美联盟RYS学院，线下场馆开始运营，为用户提供体验场所
2018年，我们完成A轮的千万级融资，北京子公司成立，导师团队和内容体系仍不断升级，持续优化用户体验，传承更实用更专业的瑜伽文化
未来我们将寻求更大格局的突破和成长
 
我们坐标古城西安，战略布局全球
我们拥有一支充满朝气和创造力的团队
我们崇尚奋斗与实干，渴望创新
我们没有浮夸的语言，只有安静的决心
 
我们欢迎互联网行业志同道合的各路精英，用全新互联网思维打磨最具情怀的瑜伽应用产品。
每日瑜伽邀请你的加入，与优秀的伙伴并肩，用奋斗为梦想注解，用价值成就自我。"
ObjectId(5cc580341d59cac993e99385),微众中国,西安,15-50人,移动互联网、金融,微众中国（wezchina.com），是中国领先的商圈平台解决方案与服务提供商。致力于“互联网+众创+资本”与各产业结合，给商会与企业赋能，助力社群与产业互联网创新服务升级。专注为商会和企业提供最专业、最具价值的商圈平台解决方案与产品服务。有狼性与狠劲，志向高远，目标感强，干练利索，有较强执行力！ 这个是微众公司对加入团队成员的最基本要求，我们欢迎拥有相同基因、有能力、有热情、有志于在产业互联网时代有所作为，实现自我价值与人生理想的有为青年精英加入！主营业务：为商会和企业提供商圈平台解决方案与产品服务解决方案：商会微平台（Weplats）创新服务解决方案产业微平台（Weplats）创新服务解决方案
ObjectId(5cc580361d59cac993e99386),今日财经,西安,150-500人,"移动互联网,金融","今日财经是专业的互联网金融全媒体平台，定位为领先的互联网金融领域公共服务平台。
 今日财经总部设在香港，中国大陆运营总部位于古城西安高新区金融街唐沣国际。主要以银行、证券、保险、信托等金融机构提供业务培训、舆情监测、窗口展示、数据分析等服务，为投资者提供实时财经资讯、金融培训、数据研究、行情分析、交易咨询和社区交流服务。
 今日财经全媒体平台致力于传播一手财经资讯，普及全民财经金融知识，提供业内资源整合，推动中国互联网金融资本市场的稳健发展。
 今日财经的企业文化是团结友爱、互助成长、学习感恩、厚德载物。"
